icao,company,country,telephony,operator_class
AAH,"AEKO KULA, INC. D/B/A ALOHA AIR CARGO (HONOLULU, HI)",UNITED STATES,Aloha,cargo
AAI,"AIR AURORA, INC. (SUGAR GROVE, IL)",UNITED STATES,Borealis,commercial
AAK,"ALASKA ISLAND AIR, INC. (ANCHORAGE, AK)",UNITED STATES,Alaska Island,commercial
AAL,AMERICAN AIRLINES INC.,UNITED STATES,American,commercial
AAY,"ALLEGIANT AIR, INC. (FRESNO, CA)",UNITED STATES,Allegiant,commercial
ABX,"ABX AIR, INC. (WILMINGTON, OH)",UNITED STATES,Abex,cargo
ACD,"ACADEMY AIRLINES (GRIFFIN, GA)",UNITED STATES,Academy,commercial
ACE,AVIATION ACES,UNITED STATES,Sky Ace,commercial
ACK,"NANTUCKET AIRLINES (NANTUCKET, MA)",UNITED STATES,Ack Air,commercial
ACO,"AIR CHOICE ONE (ST. LOUIS, MO)",UNITED STATES,Weber,commercial
ACT,"FLIGHT LINE, INC. (DENVER, CO)",UNITED STATES,American Check,commercial
AER,"ALASKA CENTRAL EXPRESS, INC. (FAIRBANKS, AK)",UNITED STATES,Ace Air,commercial
AGM,"AVIATION WEST CHARTERS (SCOTTSDALE, AZ)",UNITED STATES,Angel Med,commercial
AHF,"ASPEN HELICOPTERS, INC. (OXNARD, CA)",UNITED STATES,Aspen,rotorcraft
AIO,"CHIEF OF STAFF, UNITED STATES AIR FORCE (ANDREWS AFB, MD)",UNITED STATES,Air Chief,military
AIP,"ALPINE AVIATION, INC. (PROVO, UT)",UNITED STATES,Alpine Air,commercial
AJC,"BAR HARBOR AIRLINES (BANGOR, ME)",UNITED STATES,Bar Harbor,commercial
AJI,"AMERISTAR JET CHARTER, INC. (DALLAS, TX)",UNITED STATES,Ameristar,business
AJT,"AMERIJET INTERNATIONAL (FT.LAUDERDALE, FL)",UNITED STATES,Amerijet,commercial
AJW,"ALPHA JET INTERNATIONAL (SHEFFIELD, AL)",UNITED STATES,Alphajet,commercial
ALC,"SOUTHERN JERSEY AIRWAYS, INC. (ATLANTIC CITY, NJ)",UNITED STATES,Acom,commercial
ALO,"PENNSYLVANIA COMMUTER AIRLINES, INC. (MIDDLETOWN, PA)",UNITED STATES,Allegheny,commercial
AMF,"AMERIFLIGHT, INC. (BURBANK, CA)",UNITED STATES,Amflight,commercial
AMI,"AIR AMERICA, INC. (CAROLINA, PR)",UNITED STATES,Airmek,commercial
AMR,"AIR SPECIALTIES CORPORATION D/B/A/ AIR AMERICA/TOTAL AIR (LOS ANGELES, CA)",UNITED STATES,Air Am,commercial
APC,"AIRPAC (SEATTLE, WA)",UNITED STATES,Airpac,commercial
APE,"PARCEL EXPRESS (DENVER, CO)",UNITED STATES,Air Parcel,commercial
APH,"ALPHA AVIATION, INC. (DALLAS, TX)",UNITED STATES,Airflight,commercial
APW,"ALPHA THREE AVIATION, INC",UNITED STATES,Triple Ace,commercial
ARB,AIRBAHN,UNITED STATES,Airbahn,commercial
ARF,ANIMAL RESCUE FLIGHTS,UNITED STATES,Animal Flights,commercial
ARMY,"U.S. ARMY (PSEUDO-OPERATOR, ROLE TELEPHONY)",UNITED STATES,Army,military
ARR,AVALAIR AIRCRAFT MANAGEMENT LLC,UNITED STATES,Avalair,commercial
ARX,"AIR XPRESS, INC, (GREENSBORO, NC)",UNITED STATES,Airex,commercial
ARZ,AIRBORNE IMAGING,UNITED STATES,Airborne,commercial
ASA,ALASKA AIRLINES INC.,UNITED STATES,Alaska,commercial
ASH,"MESA AVIATION SERVICES, INC. (FARMINGTON, NM)",UNITED STATES,Air Shuttle,commercial
ASI,"AEROGUARD FLIGHT TRAINING CENTER (PHOENIX, AZ)",UNITED STATES,Aerosun,commercial
ASQ,EXPRESSJET AIRLINES,UNITED STATES,Acey,commercial
ASZ,"ASCENSION AIR MANAGEMENT, INC. (ATLANTA, GA)",UNITED STATES,Ascension,commercial
ATN,"AIR TRANSPORT INTERNATIONAL (LITTLE ROCK, AR)",UNITED STATES,Air Transport,cargo
AUD,"TRANS NORTHERN AIRWAYS, LLC",UNITED STATES,Genie,commercial
AUU,AURORA FLIGHT SCIENCES,UNITED STATES,Argo,commercial
AVL,"AVIATION ADVENTURES (MANASSAS, VA)",UNITED STATES,Sky Ventures,commercial
AWI,"AIR WISCONSIN AIRLINES CORPORATION (APPLETON, WI)",UNITED STATES,Wisconsin,commercial
AXO,FENIX AIR CHARTER,UNITED STATES,Axio,commercial
AXQ,ACTION AIRLINES (ACTION AIR CHARTER),UNITED STATES,Action Air,commercial
AYA,"FEDERAL AVIATION ADMINISTRATION (FAA) ACADEMY (OKLAHOMA CITY, OK)",UNITED STATES,Academy Air,commercial
AZY,"AZTEC WORLDWIDE AIRLINES, INC. (FT. LAUDERDALE, FL)",UNITED STATES,Aztec World,commercial
BAD,"FLIGHT DEVELOPMENT, LLC (WATKINS, CO)",UNITED STATES,Badlands,commercial
BAJ,"BAKER AVIATION, INC. (KOTZEBUE, AK)",UNITED STATES,Baker Aviation,commercial
BAK,"BLACKHAWK AIRWAYS, INC. (JANESVILLE, WI)",UNITED STATES,Blackhawk,commercial
BAP,TRANS INTERNATIONAL EXPRESS AVIATION,UNITED STATES,Big Apple,commercial
BBQ,"EASTERN AIR EXPRESS, LLC",UNITED STATES,Eastern Express,commercial
BCH,"PHILLIPS AIR (DEL RIO, TX)",UNITED STATES,Beachball,commercial
BCK,"PRIORITY AVIATION COMPANY, INC (KANSAS CITY, MO)",UNITED STATES,Bankcheck,commercial
BCU,BOND AIR CARGO,UNITED STATES,Bacair,cargo
BDG,"MISSISSIPPI STATE UNIVERSITY, MS",UNITED STATES,Bulldog,commercial
BEN,"SCHWEITZER ENGINEERING LABORATORIES, INC.",UNITED STATES,Franklin,commercial
BEZ,"KINGFISHER AIR SERVICES (SAN JUAN, PR)",UNITED STATES,Sea Breeze,commercial
BFC,"BASLER FLIGHT SERVICE, INC. (OSHKOSH, WI)",UNITED STATES,Basler,commercial
BGB,BIG BEND COMMUNITY COLLEGE,UNITED STATES,Big Bend,commercial
BGE,AEROBRIDGE,UNITED STATES,Aerobridge,commercial
BGR,BRIDGER AEROSPACE,UNITED STATES,Bridger,commercial
BHR,"BIGHORN AIRWAYS, INC. (SHERIDAN, WY)",UNITED STATES,Bighorn Air,commercial
BIA,BOHLKE INTERNATIONAL AIRWAYS,UNITED STATES,Bohlke,commercial
BIG,"BIG ISLAND AIR, INC. (KAILUA - KONA, HI)",UNITED STATES,Big Isle,commercial
BIN,"BOISE INTERAGENCY FIRE CENTER (BOISE, ID)",UNITED STATES,Bison-air,commercial
BIR,"BIRD LEASING, INC. (NORTH ANDOVER, MA)",UNITED STATES,Bird Air,commercial
BIT,"NORTHEAST AVIATION, INC. (LANSING, IL)",UNITED STATES,Run Bitty,commercial
BJK,"ATLANTIC AIRLINES (ORLANDO, FL)",UNITED STATES,Blackjack,commercial
BJS,"BUSINESS JET SOLUTIONS (DALLAS, TX)",UNITED STATES,Solution,business
BJT,"ACM AVIATION, INC. (SAN JOSE, CA)",UNITED STATES,Bay Jet,commercial
BKA,"BANKAIR, INC. (WEST COLUMBIA, SC)",UNITED STATES,Bankair,commercial
BKB,"STATE OF WEST VIRGINIA, AVIATION DIVISION (CHARLESTON, WV)",UNITED STATES,Black Bear,commercial
BKE,"AIRBROCK MANAGEMENT & CHARTER SERVICES, INC.",UNITED STATES,Air Brock,commercial
BKJ,"BARKEN INTERNATIONAL, INC. (SALT LAKE CITY, UT)",UNITED STATES,Barken Jet,commercial
BKM,"ADVISORS AVIATION (ST. LOUIS, MO)",UNITED STATES,Cardinal,commercial
BKN,SAINT LOUIS UNIVERSITY,UNITED STATES,Billiken,commercial
BKR,"CIVIL AIR PATROL, SOUTH CAROLINA WING (COLUMBIA, SC)",UNITED STATES,Box Kar,commercial
BKS,"ATLANTIC COAST AIRCRAFT SERVICES (READING, PA)",UNITED STATES,Berks,commercial
BLE,"EXECUTIVE AIR SERVICES, LLC (MIAMI, FL)",UNITED STATES,Bluewater,commercial
BLH,"BLUE HORIZON TRAVEL CLUB (CINCINNATI, OH)",UNITED STATES,Blue Horizon,commercial
BLK,USAC AIRWAYS 695 LLC,UNITED STATES,Aero Black,commercial
BLR,METROPOLITAN AVIATION,UNITED STATES,Blueridge,commercial
BLU,"SOLUTIONS AIR CHARTER, LLC (ZIONSVILLE, IN)",UNITED STATES,Bluegrass,commercial
BLY,BLUE RIDGE AERO SERVICES,UNITED STATES,Blue Aero,commercial
BMJ,"BEMIDJI AIRLINES (BEMIDJI, MN)",UNITED STATES,Bemidji,commercial
BMP,"BUNDLED AERIAL MAPPING ASSTS, LLC (HUNTSVILLE, AL)",UNITED STATES,Air Bama,commercial
BMT,"BAHAMAS HABITAT (CARY, NC)",UNITED STATES,Symonette,commercial
BNA,"BUN AIR CORPORATION (BEDFORD, PA)",UNITED STATES,Bun Air,commercial
BNC,"SUNDANCE AIR, INCORPORATED (DENVER, CO)",UNITED STATES,Barnacle Air,commercial
BNS,"VALLEY NATIONAL CORP. D/B/A BANCSTAR (PHOENIX, AZ)",UNITED STATES,Bancstar,commercial
BOE,"BOEING COMMERCIAL AIRPLANE GROUP (SEATTLE, WA)",UNITED STATES,Boeing,commercial
BOG,LIVE OAK BANKING COMPANY,UNITED STATES,Bird Dog,commercial
BPX,"PHOENIX EAST AVIATION, LLC.",UNITED STATES,Blue Phoenix,commercial
BRG,"BERING AIR, INC. (NOME, AK)",UNITED STATES,Bering Air,commercial
BRN,"ECLIPSE AIRLINES, INC. D/B/A BRANSON AIRLINES, INC. (CHANTILLY, VA)",UNITED STATES,Branson,commercial
BRR,"MOUNTAIN AIR SERVICE, INC (BIG BEAR CITY, CA)",UNITED STATES,Mountain Air,commercial
BSK,"MIAMI AIR INTERNATIONAL, INC. (MIAMI, FL)",UNITED STATES,Biscayne,commercial
BST,LONE STAR AVIATORS,UNITED STATES,Big State,commercial
BSY,"BIG SKY AIRLINES (BILLINGS, MT)",UNITED STATES,Big Sky,commercial
BTL,"BALTIA AIR LINES, INC. (JAMAICA, NY)",UNITED STATES,Baltia,commercial
BTQ,BOUTIQUE AIR,UNITED STATES,Boutique,commercial
BTZ,"BRISTOW US, LLC (NEW IBERIA, LA)",UNITED STATES,Bristow Group,commercial
BUG,INNOVATION FIRST,UNITED STATES,Hexbug,commercial
BVA,"BUFFALO AIRWAYS (WACO, TX)",UNITED STATES,Buffalo Air,commercial
BVN,"BARON AVIATION SERVICES, INC. (VICHY, MO)",UNITED STATES,Show-me,commercial
BXJ,"BRIXTEL GROUP, INC. (RESTON, VA)",UNITED STATES,Brixtel Jet,commercial
BXR,"REDDING AERO ENTERPRISES, INC. (REDDING, CA)",UNITED STATES,Boxer,commercial
BXX,BADLANDS AVIATION,UNITED STATES,Strongbox,commercial
BYA,"BERRY AVIATION, INC. (SAN MARCOS, TX)",UNITED STATES,Berry,commercial
BYF,SAN CARLOS FLIGHT CENTER,UNITED STATES,Bay Flight,commercial
BYG,"BYGONE AVIATION, LLC (GUYMON, OK)",UNITED STATES,Bygone,commercial
BZY,"FRESH AIR AVIATION (CHARLEVOIX, MI)",UNITED STATES,Breezy,commercial
CAB,"CHESAPEAKE AIR SERVICE (PASADENA, MD)",UNITED STATES,Chesapeake Air,commercial
CAC,"CONQUEST AIRLINES (BEAUMONT, TX)",UNITED STATES,Conquest Air,commercial
CAK,SOUTHWEST AIRCRAFT CHARTER,UNITED STATES,Cactus,commercial
CAM,"VILLAGE AVIATION, INC. D/B/A CAMAI-AIR (BETHEL, AK)",UNITED STATES,Air Camai,commercial
CAP,"UNITED STATES AIR FORCE AUXILIARY / CIVIL AIR PATROL (RICHMOND, VA)",UNITED STATES,Cap,ga
CAS,"CHRISTMAN AIR SYSTEM (WASHINGTON, PA)",UNITED STATES,Christman,commercial
CBC,"LONGHORN AVIATION, LLC",UNITED STATES,Sky Share,commercial
CBD,"LOCKHEED MARTIN AERONAUTICS (FORT WORTH, TX)",UNITED STATES,Catbird,commercial
CBH,"CORPORATE EAGLE MANAGEMENT SERVICES, INC. (WATERFORD, MI)",UNITED STATES,Club House,commercial
CBN,"SOUTHERN ILLINOIS UNIVERSITY D/B/A FLIGHT SCHOOL (MURPHYSBORO, IL)",UNITED STATES,Carbondale,commercial
CBT,"CATALINA FLYING BOATS, INC. (LONG BEACH, CA)",UNITED STATES,Catalina Air,commercial
CBZ,"NONSTOP AVIATION (BOCA RATON, FL)",UNITED STATES,Cool Breeze,commercial
CCJ,CAPITAL JET CHARTER CORP.,UNITED STATES,Cap Jet,business
CCK,CARLISLE AIR CORPORATION,UNITED STATES,Carlisle Air,commercial
CCP,"GRAND HOLDINGS, INC. CHAMPION AIR (MANHATTAN BEACH, CA)",UNITED STATES,Champion Air,commercial
CCQ,"CAPITAL CITY AIR CARRIERS, INC. (PIERRE, SD)",UNITED STATES,Cap City,commercial
CCY,"CHERRY AIR, INC. (DALLAS, TX)",UNITED STATES,Cherry,commercial
CDL,"SUNBIRD AIRLINES, INC. (CHARLOTTE, NC)",UNITED STATES,Carolina,commercial
CEA,"CORPORATE EXPRESS AIRLINES (NASHVILLE, TN)",UNITED STATES,Corp-x,commercial
CEP,"CHIPOLA AVIATION, INC. (MARIANNA, FL)",UNITED STATES,Chipola,commercial
CFR,"CALIFORNIA DEPARTMENT OF FORESTRY AND FIRE PROTECTION (MCCLELLAN, CA)",UNITED STATES,Calfire,commercial
CFS,"EMPIRE AIRLINES (HAYDEN LAKE, UT)",UNITED STATES,Empire Air,cargo
CFT,"JET FREIGHTERS, INC. (PORTLAND, ME)",UNITED STATES,Casper Freight,commercial
CGA,"CONGRESSIONAL AIR, LTD (GAITHERSBURG, MD)",UNITED STATES,Congressional,commercial
CGG,"WALMART AVIATION (ROGERS, AR)",UNITED STATES,Charge,commercial
CGO,"CHICAGO AIR, INC. (CHICAGO, IL)",UNITED STATES,Wild Onion,commercial
CHA,"CENTRAL FLYING SERVICE, INC. (LITTLE ROCK, AR)",UNITED STATES,Charter Central,commercial
CHE,"TOP FLIGHT AIR SERVICE, INC. (TAMPA, FL)",UNITED STATES,Check Air,commercial
CHK,"FLYING BOAT, INC. D/B/A CHALKS INTERNATIONAL AIRLINES (FT. LAUDERDALE, FL)",UNITED STATES,Chalks,commercial
CHN,"CHANNEL ISLAND AVIATION (OXNARD, CA)",UNITED STATES,Channel,commercial
CHQ,"CHAUTAUQUA AIRLINES (JAMESTOWN, NY)",UNITED STATES,Chautauqua,commercial
CHR,"CHAIRMAN AIRMOTIVE II, LLC",UNITED STATES,Chairman,commercial
CHU,"CHURCH AIRCRAFT LTD (DENVER, CO)",UNITED STATES,Churchair,commercial
CHV,"AIR CHARTER PROFESSIONALS, INC. (OPA LOCKA, FL)",UNITED STATES,Chartair,commercial
CIR,"ARCTIC CIRCLE AIR SERVICE, INC. (FAIRBANKS, AK)",UNITED STATES,Air Arctic,commercial
CIT,"ZANESVILLE AVIATION (ZANESVILLE, OH)",UNITED STATES,Zane,commercial
CJC,"COLGAN AIR (MANASSAS, VA)",UNITED STATES,Colgan,commercial
CJE,"CUSTOM JET CHARTERS, LLC (WEST PALM BEACH, FL)",UNITED STATES,Custom Jet,business
CJI,"CORPORATE JETS, INC. (WEST MIFFLIN, PA)",UNITED STATES,Sea Jet,commercial
CJS,"COMMONWEALTH JET SERVICE, INC. (SANDSTON, VA)",UNITED STATES,Commonwealth,commercial
CJZ,"CALIBER JET CHARTER, LLC (WESTLAKE, OH)",UNITED STATES,Caliber Jet,business
CKA,"COOK INLET AVIATION, INC. (HOMER, AK)",UNITED STATES,Cook-air,commercial
CKE,"CORPORATE AVIATION SERVICES, INC. (TULSA, OK)",UNITED STATES,Checkmate,commercial
CKR,CROWN AIR SYSTEMS,UNITED STATES,Crown Air,commercial
CKS,"KALITTA AIR, LLC (YPSILANTI, MI)",UNITED STATES,Connie,cargo
CLE,"COLEMILL ENTERPRISES (NASHVILLE, TN)",UNITED STATES,Colemill,commercial
CLK,"CLARK AVIATION CORP. (NEW CUMBERLAND, PA)",UNITED STATES,Clarkair,commercial
CLR,"TRANS AMERICA (ENGLEWOOD, CO)",UNITED STATES,Clinton Airways,commercial
CLY,"CLAY LACY AVIATION (SEATTLE, WA)",UNITED STATES,Clay-lacy,commercial
CMB,US TRANSPORTATION COMMAND,UNITED STATES,Camber,commercial
CMD,CALSTAR,UNITED STATES,Calstar Med,commercial
CME,COMMERCE BANK,UNITED STATES,Commerce Bank,commercial
CMF,"AIR CARE ALLIANCE (STORRS, CT)",UNITED STATES,Compassion,commercial
CMI,"CONTINENTAL MICRONESIA, INC. (TAMUNING, GUAM)",UNITED STATES,Air Mike,commercial
CMN,"ECKLES AIRCRAFT CO. (HOLDENVILLE, OK)",UNITED STATES,Cimmaron Aire,commercial
CMT,"CASEMENT AVIATION (PLAINESVILLE, OH)",UNITED STATES,Casement,commercial
CNG,"COASTAL AIRWAYS (GULFPORT, MS)",UNITED STATES,Sid-air,commercial
CNL,"CENTENNIAL AIRLINES, INC. (LARAMIE, WY)",UNITED STATES,Wyo-air,commercial
CNR,"CONDOR AERO SERVICES, INC. (CULLMAN, AL)",UNITED STATES,Conaero,commercial
CNS,"COBALT AIR, LLC (PORTSMOUTH NH)",UNITED STATES,Chronos,commercial
CNV,"US NAVY AIR LOGISTICS OFFICE (NEW ORLEANS, LA)",UNITED STATES,Convoy,military
COAST,"U.S. COAST GUARD (PSEUDO-OPERATOR, ROLE TELEPHONY)",UNITED STATES,Coast Guard,military
COL,SC AVIATION INC.,UNITED STATES,Colony,commercial
COM,"COMAIR, INC. (CINCINNATI, OH)",UNITED STATES,Comair,commercial
CON,CONOCOPHILLIPS CO.,UNITED STATES,Conoco,commercial
COO,"COVE PARTNERS, LLC.",UNITED STATES,Cove,commercial
COP,"COPPER STATE AIR SERVICE, INC. (MESA, AZ)",UNITED STATES,Copper State,commercial
COS,"AIR 7, LLC",UNITED STATES,Coastal Jet,commercial
CPF,"U S AIR FORCE AUXILIARY, CIVIL AIR PATROL (MAXWELL AFB, AL)",UNITED STATES,Cap-flight,ga
CPL,"CHAPARRAL AIRLINES (ABILENE, TX)",UNITED STATES,Chaparral,commercial
CPO,"CORPORATE AIRCRAFT COMPANY (GARDNER, KS)",UNITED STATES,Mokan,commercial
CPT,"CORPORATE AIR (BILLINGS, MT)",UNITED STATES,Air Spur,commercial
CPX,"CAPITAL AIR SERVICE, INC. (MANHATTAN, KS)",UNITED STATES,Capair,commercial
CRE,"JET OUT, LLC",UNITED STATES,Cream City,commercial
CRO,"CROWN AIRWAYS, INC. (DUBOIS, PA)",UNITED STATES,Crown Airways,commercial
CSB,"21-AIR, LLC",UNITED STATES,Cargo South,commercial
CSD,"COURIER SERVICES, INC. (TEMPE, AZ)",UNITED STATES,Delivery,commercial
CSI,"CSI AVIATION, INC.",UNITED STATES,Sandia,commercial
CSJ,"CASTLE AVIATION, INC. (RAVENNA, OH)",UNITED STATES,Castle,commercial
CSK,"FLIGHTCRAFT, INC. (PORTLAND, OR)",UNITED STATES,Cascade,commercial
CSL,"MINSON AVIATION, INC. D/B/A CALIFORNIA AIR SHUTTLE (OXNARD, CA)",UNITED STATES,California Shuttle,commercial
CSO,"CASINO AIRLINES, INC. (SHREVEPORT, LA)",UNITED STATES,Casair,commercial
CSP,"CASPER AIR SERVICE, INC.(CASPER, WY)",UNITED STATES,Casper Air,commercial
CSQ,"IBC AIRWAYS, INC. (MIAMI, FL)",UNITED STATES,Chasqui,commercial
CST,"SHORELINE AVIATION, INC.",UNITED STATES,Shoreline,commercial
CSX,"CHOICE AIRWAYS, INC. (SUNRISE, FL)",UNITED STATES,Choice Air,commercial
CTA,"AERO CHARTER AND TRANSPORT (ALBUQUERQUE, NM)",UNITED STATES,Char-tran,commercial
CTE,"ATLANTA AIR CHARTER, INC.",UNITED STATES,Cornerstone,commercial
CTF,CUTTER AVIATION (PHOENIX AZ),UNITED STATES,Cutter Flight,commercial
CTL,"CENTRAL AIR SOUTHWEST, INC. (CUSHING, OK)",UNITED STATES,Central Commuter,commercial
CTP,"CTP AVIATION, LLC",UNITED STATES,Woodside,commercial
CTT,"CUSTOM AIR TRANSPORT, INC. (DANIA, FL)",UNITED STATES,Catt,commercial
CTY,"CRYDERMAN AIR SERVICE (DRAYTON PLAINS, MI)",UNITED STATES,Century,commercial
CUJ,"CLUB JET CHARTER, LLC",UNITED STATES,Club Jet,business
CUL,COULSON AVIATION USA,UNITED STATES,Coulson,commercial
CVF,"DASSAULT FALCON JET CORPORATION (S. HACKENSACK, NJ)",UNITED STATES,Cloverleaf,commercial
CVR,"CHEVRON U.S.A. (NEW ORLEANS, LA)",UNITED STATES,Chevron,commercial
CVU,"GRAND CANYON AIRLINES, INC. (GRAND CANYON, AZ)",UNITED STATES,Canyon View,commercial
CWC,"CENTURION AIR CARGO, INC. (MIAMI, FL)",UNITED STATES,Challenge Cargo,cargo
CWG,WING AVIATION,UNITED STATES,Clear Wing,commercial
CWX,"CROW EXECUTIVE AIR, INC. (MILLBURY, OH)",UNITED STATES,Crow Express,commercial
CWZ,"CAPITOL WINGS AIRLINE, INC. (AUSTIN, TX)",UNITED STATES,Capwings,commercial
CXF,VCAP AVIATION LLC,UNITED STATES,Cards Flight,commercial
CXK,ATP FLIGHT SCHOOL,UNITED STATES,Career Track,commercial
CXS,"BOSTON-MAINE AIRWAYS (PORTSMOUTH, NH)",UNITED STATES,Clipper Connection,commercial
CXT,"COASTAL AIR TRANSPORT (CHRISTIANSTED, ST. CROIX)",UNITED STATES,Coastal,commercial
CYA,"CHEYENNE AIRWAYS, INC. (CHEYENNE, WY)",UNITED STATES,Cheyenne Air,commercial
CYC,CIRCADIAN AVIATION LLC,UNITED STATES,Circadian,commercial
CYO,ATI JET INC,UNITED STATES,Coyote,commercial
CYT,CRYSTAL AIR,UNITED STATES,Crystal Air,commercial
DAA,"DECATUR AVIATION, INC. (DECATUR, IL)",UNITED STATES,Decur,commercial
DAL,"DELTA AIR LINES, INC.",UNITED STATES,Delta,commercial
DAZ,DESERT AIR TRANSPORT INC,UNITED STATES,Dezert Air,commercial
DBA,"AIR ALPHA, INC. (CINCINNATI, OH)",UNITED STATES,Double-a,commercial
DBC,"GEMINI AIR GROUP, INC. (SCOTTSDALE, AZ)",UNITED STATES,Diamond Back,commercial
DCM,"FLTPLAN, LLC (SOUTHBURY, CT)",UNITED STATES,Dot Com,commercial
DDA,"D & D AVIATION (SALT LAKE CITY, UT)",UNITED STATES,Dusty,commercial
DEE,"TRANSPORTATION AMERICA CORPORATION D/B/A DIXIE AIRWAYS (NASHVILLE, TN)",UNITED STATES,Tacair,commercial
DFS,"DWYER AIRCRAFT SALES, INC. (MASON CITY, IA)",UNITED STATES,Dwyair,commercial
DGT,"DIGITAL EQUIPMENT CORPORATION (MAYNARD, MA)",UNITED STATES,Digital,commercial
DHL,"ASTAR AIR CARGO (MIAMI, FL)",UNITED STATES,Dahl,cargo
DHR,"CREAMER PILOT SERVICES, LLC",UNITED STATES,Dark Horse,commercial
DIA,"DIRECT AIR, INC.",UNITED STATES,Blue Sky,commercial
DJR,"DESERT JET, LLC (THERMAL, CA)",UNITED STATES,Desert Jet,commercial
DKT,"BUSINESS AVIATION COURIER, INC. (SIOUX FALLS, SD)",UNITED STATES,Dakota,commercial
DLX,"DREAMLINE AVIATION, LLC (SAN FRANCISCO, CA)",UNITED STATES,Dreamline,commercial
DOG,CANINE COMPANIONS FOR INDEPENDENCE,UNITED STATES,Canine Flight,commercial
DOI,"U.S. DEPARTMENT OF THE INTERIOR, OFFICE OF AIRCRAFT SERVICES, (BOISE, ID)",UNITED STATES,Interior,commercial
DOJ,"UNITED STATES DEPARTMENT OF JUSTICE PRISONER AND ALIEN TRANSPORTATION SERVICE (JPATS) (EL PASO, TX)",UNITED STATES,Justice,commercial
DOL,"EBSCO, INC. D/B/A MILLION AIR LONGVIEW (LONGVIEW, TX)",UNITED STATES,Dollar Sign,commercial
DOS,"UNITED STATES GOVERNMENT, DEPARTMENT OF STATE INL/A",UNITED STATES,Dosair,commercial
DOW,"BEST JETS INTERNATIONAL (MINNEAPOLIS, MN)",UNITED STATES,Downtown,commercial
DPS,"ALABAMA DEPARTMENT OF PUBLIC SAFETY (MONTGOMERY, AL)",UNITED STATES,Blue-gray,commercial
DRE,"MICHIGAN AIRWAYS, INC. D/B/A DRUMMOND ISLAND AIR (DRUMMOND ISLAND, MI)",UNITED STATES,Michigan,commercial
DRL,"OMNI AIR TRANSPORT, LLC (TULSA, OK)",UNITED STATES,Driller,commercial
DRS,"DREAMSHORE AERO (BAR HARBOR, ME)",UNITED STATES,Dreamshore,commercial
DSA,"DANBURY AIRWAYS, INC. (DANBURY, CT)",UNITED STATES,Danbury Airways,commercial
DSU,"DELTA STATE UNIVERSITY (CLEVELAND, MS)",UNITED STATES,Delta State,commercial
DVY,"LEGENDS AIRWAYS, LLC.",UNITED STATES,Devil Ray,commercial
DWG,"VALKYRIE AERO, LLC",UNITED STATES,Dark Wing,commercial
DWR,"DELAWARE SKYWAYS, LLC (NEW CASTLE, DE)",UNITED STATES,Delaware,commercial
DYN,"AERODYNAMICS, INC. (WATERFORD, MI)",UNITED STATES,Aerodynamics,commercial
DZR,"MIDWEST AVIATION (OMAHA, NE)",UNITED STATES,Dozer,commercial
EAC,"EXECUTIVE AIR CHARTER (HONOLULU, HI)",UNITED STATES,Execair,commercial
EAL,"EASTERN AIRLINES, LLC (HIGH POINT, NC)",UNITED STATES,Eastern,commercial
ECI,"EASTERN CAROLINA AVIATION, INC. (RICHLANDS, NC)",UNITED STATES,Eastern Carolina,commercial
ECJ,"EAST COAST JETS, INC. (ALLENTOWN, PA)",UNITED STATES,Eastcoast Jet,commercial
EDG,"WESTERN AIR CHARTER, INC DBA JET EDGE",UNITED STATES,Jet Edge,commercial
EDV,ENDEAVOR AIR,UNITED STATES,Endeavor,commercial
EFT,"EXECUFLIGHT, INC. (FORT LAUDERDALE, FL)",UNITED STATES,Zipline,commercial
EGC,"FIRST WING AIRCRAFT CHARTER AND MAINTENANCE (INDIANAPOLIS, IN)",UNITED STATES,Eagle Creek,commercial
EGE,EAGLE AIR INC.,UNITED STATES,Eagle Air,commercial
EGS,"NATIONAL JETS, INC.",UNITED STATES,Everglades,commercial
EHD,"E H DARBY AVIATION (SHEFFIELD, AL)",UNITED STATES,Platinum Air,commercial
EIA,EVERGREEN INTERNATIONAL AIRLINES,UNITED STATES,Evergreen,commercial
EJA,"NETJETS AVIATION, INC. (COLUMBUS, OH)",UNITED STATES,Execjet,business
EJM,"EXECUTIVE JET MANAGEMENT, INC. (CINCINNATI, OH)",UNITED STATES,Jet Speed,business
EJT,"ECLIPSE AVIATION (ALBUQUERQUE, NM)",UNITED STATES,Eclipse Jet,commercial
EKC,"EAST KANSAS CITY AVIATION, INC. (GRAIN VALLEY, MO)",UNITED STATES,Blue Goose,commercial
ELT,"ELLIOTT AVIATION, INC. (OMAHA, NE)",UNITED STATES,Elliott,commercial
ELX,"ELAN EXPRESS (LAS VEGAS, NV)",UNITED STATES,Elan,commercial
ELZ,ELITE AIR,UNITED STATES,Elite Air,commercial
EMD,"BALLARD AVIATION, INC. D/B/A EAGLEMED (WICHITA, KS)",UNITED STATES,Eaglemed,commercial
EME,"METRO EXPRESS, INC. D/B/A EASTERN METRO EXPRESS (ATLANTA, GA)",UNITED STATES,Emair,commercial
EMJ,"FRIENDSHIP AIRWAYS (FORT LAUDERDALE, FL)",UNITED STATES,Light House,commercial
EMP,"EMPIRE AIR SERVICE, INC. (ROCHESTER, NY)",UNITED STATES,Empire,commercial
ENG,THUNDERBIRD AIRWAYS INC. D/B/A ENG AVIATION,UNITED STATES,Cross Clamp,commercial
ENK,"EXECUTIVE AIRLINK INC. (NEBO, NC)",UNITED STATES,Sunbird,commercial
ENS,"ENTERGY SERVICES, INC. (NEW ORLEANS, LA)",UNITED STATES,Entergy Shuttle,commercial
ENY,ENVOY AIR INC.,UNITED STATES,Envoy,commercial
EPI,EPIC FLIGHT ACADEMY/ EPIC AVIATION,UNITED STATES,Epic Red,commercial
EPS,"EPPS AIR SERVICE, INC. (ATLANTA, GA)",UNITED STATES,Epps Air,commercial
ERE,"ERIE AIRWAYS, INC. (ERIE, PA)",UNITED STATES,Air Erie,commercial
ERH,"ERA HELICOPTERS (LAKE CHARLES, LA)",UNITED STATES,Era,rotorcraft
ERU,EMBRY-RIDDLE AERONAUTICAL UNIVERSITY,UNITED STATES,Riddle,commercial
ERY,SKY QUEST,UNITED STATES,Erie Shore,commercial
ETL,"PATTERSON AVIATION COMPANY (SACRAMENTO, CA)",UNITED STATES,Entel,commercial
EVC,RCS SERVICES LLC,UNITED STATES,Ever Clear,commercial
EXE,"EXECUTIVE FLIGHT, INC. (ARLINGTON, TX)",UNITED STATES,Exec,commercial
EXP,ISLAND EXPRESS AIR,UNITED STATES,Island Express,commercial
EYE,"F.S. AIR SERVICE, INC. (ANCHORAGE, AK)",UNITED STATES,Sockeye,commercial
FAI,"FALCON AIR, INC. (FLINT, MI)",UNITED STATES,Motor-city,commercial
FAK,FINANCIAL AIRXPRESS,UNITED STATES,Facts,commercial
FAL,"FRIENDSHIP AIR ALASKA (FAIRBANKS, AK)",UNITED STATES,Friendship,commercial
FAO,"FALCON AIR EXPRESS (MIAMI, FL)",UNITED STATES,Panther,commercial
FAS,"FLORIDA AIR CARGO (OPA LOCKA, FL)",UNITED STATES,Florida Cargo,cargo
FAW,"FALWELL AVIATION, INC. (LYNCHBURG, VA)",UNITED STATES,Falwell,commercial
FAX,"MIDWEST AIR FREIGHTERS (KANSAS CITY, KS)",UNITED STATES,Fairfax,commercial
FAZ,"FLINT AVIATION SERVICES, INC. (FLINT, MI)",UNITED STATES,Flint Air,commercial
FBN,"FLORIDA AIR TRANSPORT, INC. (OPA LOCKA, FL)",UNITED STATES,Florida Transport,commercial
FCE,"MAXAIR CHARTER, INC DBA FLIGHT CHOICE",UNITED STATES,Flight Choice,commercial
FCJ,"AIRSPRINT US, INC. (SCOTTSDALE, AZ)",UNITED STATES,Fracjet,commercial
FCL,"FLORIDA COASTAL AIRLINES, INC. (FORT PIERCE, FL)",UNITED STATES,Florida Coastal,commercial
FDJ,FREEDOM AIR LLC,UNITED STATES,Freedom Jet,commercial
FDL,"FARMINGDALE STATE UNIVERSITY (FARMINGDALE, NY)",UNITED STATES,Farmingdale State,commercial
FDM,"FREEDOM AIRLINES, INC. (BINGHAMTON, NY)",UNITED STATES,Liberty,commercial
FDX,FEDERAL EXPRESS CORPORATION,UNITED STATES,Fedex,cargo
FDY,"SUN AIR EXPRESS, LLC (FT. LAUDERDALE, FL)",UNITED STATES,Friendly,commercial
FET,"OLD DOMINION FREIGHT LINES, INC. (THOMASVILLE, NC)",UNITED STATES,Freight Line,cargo
FFL,"FOREFLIGHT, LLC",UNITED STATES,Foreflight,commercial
FFP,"UNITED STATES DEPARTMENT OF TRANSPORTATION, FEDERAL AVIATION ADMINISTRATION, FLIGHT INSPECTION SERVICES (OKLAHOMA CITY, OK)",UNITED STATES,Flight Pro,commercial
FFS,"FLORIDA DEPT OF AGRICULTURE (TALLAHASSEE, FL)",UNITED STATES,Forestry,commercial
FFT,"FRONTIER AIRLINES, INC. (DENVER, CO)",UNITED STATES,Frontier Flight,commercial
FFY,"FLORIDA FLYERS FLIGHT ACADEMY, INC.",UNITED STATES,Flyers Air,commercial
FGR,TRANS-PACIFIC AIR CHARTER LLC,UNITED STATES,Frigate,commercial
FIK,"JF AIR TRAFFIC, INC.",UNITED STATES,Fikes,commercial
FJS,"FLORIDA JET SERVICE, INC. (FORT LAUDERDALE, FL)",UNITED STATES,Floridajet,commercial
FKS,"OMEGA AIR HOLDINGS, LLC D/B/A FOCUS AIR (FT. LAUDERDALE, FL)",UNITED STATES,Focus,commercial
FLC,"UNITED STATES DEPARTMENT OF TRANSPORTATION, FEDERAL AVIATION ADMINISTRATION, FLIGHT INSPECTION SERVICES (OKLAHOMA CITY, OK)",UNITED STATES,Flight Check,commercial
FLH,"SKY BUS, INC. (DENVER, CO)",UNITED STATES,Mile High,commercial
FLX,"FLIGHT EXPRESS, INC. (ORLANDO, FL)",UNITED STATES,Flight Express,business
FMR,"FLAMINGO AIR, INC. (CINCINNATI, OH)",UNITED STATES,Flamingo Air,commercial
FPC,"FLIGHT PRO INTERNATIONAL, LLC",UNITED STATES,Pro Connect,commercial
FRD,"FORD MOTOR COMPANY (DETROIT, MI)",UNITED STATES,Ford,commercial
FRE,"BOEING TACTICAL (ST.LOUIS, MO)",UNITED STATES,Freedom,commercial
FRG,"FREIGHT RUNNERS EXPRESS, INC. (MILWAUKEE, WI)",UNITED STATES,Freight Runners,cargo
FRV,"CARVER AERO, LLC DBA REVV AVIATION",UNITED STATES,Rev Aero,commercial
FRW,"FARWEST AIRLINES, INC. (CHANDLER, AZ)",UNITED STATES,Farwest,commercial
FSA,"FOSTER AVIATION (NOME, AK)",UNITED STATES,Foster-air,commercial
FSC,"FOUR STAR AVIATION D/B/A FOUR STAR GARGO (ST. THOMAS, VI)",UNITED STATES,Four Star,commercial
FSP,APERTURE AVIATION,UNITED STATES,Snapshot,commercial
FSR,"FLIGHTSTAR CORPORATION, THE (SAVOY, IL)",UNITED STATES,Flightstar,commercial
FST,FLIGHT SUPPORT INC.,UNITED STATES,Flightron,commercial
FSX,"FLAGSHIP EXPRESS SERVICES, INC. (YPSILANTI, MI)",UNITED STATES,Flag,commercial
FTA,"FRONTIER FLYING SERVICE, INC. (FAIRBANKS, AK)",UNITED STATES,Frontier-air,commercial
FTD,"ANDREW BETTIS AVIATION, LLC DBA AB JETS",UNITED STATES,Fortitude,commercial
FTH,"MOUNTAIN AVIATION, INC. (BROOMFIELD, CO)",UNITED STATES,Foothills,commercial
FTK,NORTH CAROLINA FOREST SERVICE,UNITED STATES,Firetac,commercial
FTN,VICTORY AIR LLC,UNITED STATES,Frontrunner,commercial
FTO,TROPIC OCEAN AIRWAYS LLC,UNITED STATES,Wagner,commercial
FTP,"KEYSTONE AERIAL SURVEYS, INC. (PHILADELPHIA, PA)",UNITED STATES,Footprint,commercial
FTT,FLIGHT FAST TRACK,UNITED STATES,Fast Air,commercial
FVA,"CARDINAL/AIR VIRGINIA (LYNCHBURG, VA)",UNITED STATES,Air Virginia,commercial
FWD,"FAIR WIND AIR CHARTER (STUART, FL)",UNITED STATES,Fair Wind,commercial
FWK,"FLIGHTWORKS, INC. (KENNESAW, GA)",UNITED STATES,Flightworks,commercial
FWL,"FLORIDA WEST INTERNATIONAL AIRWAYS, INC. (MIAMI, FL)",UNITED STATES,Flo West,commercial
FWR,"FLIGHTAWARE (HOUSTON, TX)",UNITED STATES,Flightaware,commercial
FXC,FLEXJET VERTICAL,UNITED STATES,Flex Copter,business
FXW,"ASSOCIATED AIRCRAFT GROUP, INC. ( WAPPINGERA FALLS, NY)",UNITED STATES,Flexwing,commercial
GAJ,"GAMA AVIATION, LLC (SHELTON, CT)",UNITED STATES,Gama Jet,commercial
GAS,"GALENA AIR SERVICE (GALENA, AK)",UNITED STATES,Galena Air Service,commercial
GAT,"GULF AIR INC. (NEW IBERIA, LA)",UNITED STATES,Gulf Trans,commercial
GAX,"FULL EXPRESS, INC. (SWANTON, OH)",UNITED STATES,Grand Aire,commercial
GBR,"RADER AVIATION, INC. (WHITE SULFER SPRINGS, WV)",UNITED STATES,Greenbrier Air,commercial
GBX,"GB AIRLINK, INC. (FT. LAUDERDALE, FL)",UNITED STATES,Geebee Link,commercial
GCN,"GULF CENTRAL AIRLINES INC. (MELBOURNE, FL.)",UNITED STATES,Gulf Central,commercial
GDG,"S.P. AVIATION (HAYWARD, CA)",UNITED STATES,Golden Gate,commercial
GFC,"GAIL FORCE EXPRESS (JANESVILLE, WI)",UNITED STATES,Gail Force,commercial
GFF,GREAT FLIGHT,UNITED STATES,Great Ride,commercial
GFS,"GULFSTREAM AIRLINES, INC. (SOUTH WINDSOR, CT)",UNITED STATES,Gulfstar,commercial
GGA,"FIRST FLYING SQUADRON, INC.",UNITED STATES,Jawja,commercial
GGC,"CARGO 360, INC. (SEATTLE, WA)",UNITED STATES,Long-haul,cargo
GGW,DUKE ENERGY BUSINESS SERVICES LLC,UNITED STATES,Gigawatt,commercial
GHA,"GROUP HOLDINGS AVIATION, LLC (FORT WORTH, TX)",UNITED STATES,Sutter,commercial
GHP,"COLVIN AVIATION, INC. (ATHENS, GA)",UNITED STATES,Grasshopper Ex,commercial
GJB,"TRANS-AIR-LINK CO. (MIAMI, FL)",UNITED STATES,Sky Truck,commercial
GJE,"GLOBAL AIR CHARTERS (TETERBORO, NJ)",UNITED STATES,Global Jets,commercial
GJS,"GOJET AIRLINES, LLC. (ST. LOUIS, MO)",UNITED STATES,Lindbergh,commercial
GKA,U S ARMY PARACHUTE TEAM,UNITED STATES,Golden Knights,commercial
GLA,"GREAT LAKES AVIATION LTD (SPENCER, IA)",UNITED STATES,Lakes Air,commercial
GLF,"GULFSTREAM AEROSPACE (SAVANNAH, GA)",UNITED STATES,Gulfstream Test,commercial
GLH,CHEVRON CORPORATION,UNITED STATES,Gulfhawk,commercial
GLT,"AERO CHARTER, INC. (CHESTERFIELD, MO)",UNITED STATES,Gaslight,commercial
GMC,"GENERAL MOTORS CORPORATION (YPSILANTI, MI)",UNITED STATES,General Motors,commercial
GMH,"HUGHES FLYING SERVICE, INC. (MIAMI, FL)",UNITED STATES,Hughes,commercial
GMN,"GARMIN, INC.",UNITED STATES,Garmin,commercial
GND,"GRAND AIRWAYS, INC. (LAS VEGAS, NV)",UNITED STATES,Grand Vegas,commercial
GPA,"KINGMAN AVIATION, INC. D/B/A GOLDEN PACIFIC AIRLINES (KINGMAN, AZ)",UNITED STATES,Gold Pac,commercial
GPD,"TRADEWIND AVIATION LLC (OXFORD, CT)",UNITED STATES,Goodspeed,commercial
GRB,"PHOENIX AIR GROUP, INC. (CARTERSVILLE, GA)",UNITED STATES,Gray Bird,commercial
GRC,"GRACE FLIGHT OF AMERICA (ADDISON, TX)",UNITED STATES,Grace Flight,commercial
GRM,"ARIZONA STATE GOVERNMENT, COCHISE COUNTY SHERIFF",UNITED STATES,Geronimo,commercial
GRN,GRANDE AVIATION,UNITED STATES,Grande,commercial
GRP,"GRYPHON AIR, LLC",UNITED STATES,Air Fox,commercial
GRY,"NEW YORK STATE POLICE (ALBANY, NY)",UNITED STATES,Gray Rider,commercial
GSA,"GARDEN STATE AIRLINES, INC. (SHREWSBURY, NJ)",UNITED STATES,Garden State,commercial
GSK,"GLOBAL SKY AIRCHARTER CORPORATION (FT. LAUDERDALE, FL)",UNITED STATES,Global Sky,commercial
GST,GLOBAL SUPERTANKER,UNITED STATES,Supertank,commercial
GSY,"DEVINAIRE, LLC",UNITED STATES,Gray Sky,commercial
GTF,"ELJ AVIATION LLC (SANFORD, FL)",UNITED STATES,Gator Flight,commercial
GTH,"GENERAL AVIATION FLYING SERVICES (TETERBORO, NJ)",UNITED STATES,Gotham,commercial
GTI,"ATLAS AIR, INC. (JAMAICA, NY)",UNITED STATES,Giant,cargo
GTW,"AMERICAN AIR CHARTER, INC. (CHESTERFIELD, MO)",UNITED STATES,Gateway,commercial
GTX,"GTA AIR, INC. (LANCASTER, TX)",UNITED STATES,Big-dee,commercial
GUARD,AIR NATIONAL GUARD (PSEUDO-OPERATOR),UNITED STATES,Guard,military
GUL,"GULL AIR (SO. YARMOUTH, MA)",UNITED STATES,Gull-air,commercial
GUN,"GRANT AVIATION, INC. (ANCHORAGE, AK)",UNITED STATES,Hoot,commercial
GWA,"GREAT WESTERN AIR, INC. (SAN DIEGO, CA)",UNITED STATES,G-w Air,commercial
GWY,"USA 3000 AIRLINES (NEWTOWN SQUARE, PA)",UNITED STATES,Getaway,commercial
GXA,GLOBAL CROSSING AIRLINES,UNITED STATES,Gemini,commercial
GZR,AEROMANAGEMENT GROUP,UNITED STATES,Gezira,commercial
HAE,"KENMORE CREW LEASING, INC. (KEMMORE, WA)",UNITED STATES,Holland Air,commercial
HAG,"HAGELAND AVIATION SERVICES, INC. (ANCHORAGE, AK)",UNITED STATES,Hageland,commercial
HAL,HAWAIIAN AIRLINES,UNITED STATES,Hawaiian,commercial
HAR,"HARBOR AIRLINES (OAK HARBOR, WA)",UNITED STATES,Harbor,commercial
HBA,"TRAIL LAKE FLYING SERVICE, INC. D/B/A HARBOR AIR (SEWARD, AK)",UNITED STATES,Harbor Air,commercial
HCA,"LAKE HAVASU AIR SERVICE (LAKE HAVASU CITY, AZ)",UNITED STATES,Havasu,commercial
HDM,HARLEY-DAVISON MOTOR COMPANY,UNITED STATES,Hog,commercial
HER,HERA FLIGHT,UNITED STATES,Hera,commercial
HGE,"MARTIN'S FAMOUS PASTRY SHOPPE, INC. (CHAMBERSBURG, PA)",UNITED STATES,Hoagie,commercial
HGT,"GMJ AIR SHUTTLE, LLC (MCCLELLAN, CA)",UNITED STATES,Hightech,commercial
HKA,"SUPERIOR AVIATION, INC.(IRON MOUNTAIN/KINGSFORD, MI)",UNITED STATES,Spend Air,commercial
HKB,"HAWKER BEECHCRAFT CORPORATION (WICHITA, KS)",UNITED STATES,Classic,commercial
HKI,"WACHOVIA FLIGHT OPERATIONS D/B/A HAWKAIRE (CHARLOTTE, NC)",UNITED STATES,Hawkeye,commercial
HKN,"JIM HANKINS AIR SERVICE, INC. (JACKSON, MS)",UNITED STATES,Hankins,commercial
HKR,TOWER AVIATION MANAGEMENT LLC DBA A2V,UNITED STATES,Data Bird,commercial
HMD,"CHARLIE HAMMONDS FLYING SERVICE, INC. (HOUMA, LA)",UNITED STATES,Hammond,commercial
HNW,HONEYWELL INTERNATIONAL INC.,UNITED STATES,Honeywell,commercial
HOB,HL AIRCRAFT LLC,UNITED STATES,Hobby Jet,commercial
HOL,"HOLIDAY AIRLINES, INC. (MORRISTOWN, NJ)",UNITED STATES,Holiday,commercial
HON,"HONDA AIRCRAFT COMPANY, INC. (GREENSBORO, NC)",UNITED STATES,Honda Test,commercial
HPE,"IMPERATIVE PRODUCTIONS, LLC",UNITED STATES,Hope Air,commercial
HPJ,"HOP-A-JET, INC. (FT. LAUDERDALE, FL)",UNITED STATES,Hopa-jet,commercial
HPK,"HOPSCOTCH AIR, INC. (FARMINGDALE, NY)",UNITED STATES,Hopscotch Air,commercial
HPN,AIRDIALOG,UNITED STATES,Harpoon,commercial
HPP,"AVIATION PARTNER OF BOYTON BEACH, LLC D/B/A SKY ATLANTIC",UNITED STATES,Sky Hop,commercial
HRC,"HARCO AVIATION (HOUSTON, TX)",UNITED STATES,Harco,commercial
HRD,MARSHALL UNIVERSITY BILL NOE FLIGHT SCHOOL,UNITED STATES,Marshall Herd,commercial
HRF,"VETERANS AIRLIFT COMMAND (ST. LOUIS PARK, MN)",UNITED STATES,Hero-flight,commercial
HRS,PURSUIT AVIATION,UNITED STATES,Horsemen,commercial
HUB,"HUB AIRLINES, INC. (FT. WAYNE, IN)",UNITED STATES,Hub,commercial
HUR,"MIAMI AIR CHARTER (MIAMI, FL)",UNITED STATES,Hurricane Charter,commercial
HUS,"HEUSSLER AIR SERVICE CORP (BUFFALO, NY)",UNITED STATES,Heussler,commercial
HWK,"FIREHAWK HELICOPTERS, INC.",UNITED STATES,Firehawk,rotorcraft
IAR,"ILIAMNA AIR TAXI INC. (ILIAMNA, AK)",UNITED STATES,Iliamna Air,commercial
IBG,"SPRINGFIELD AIR (KANSAS CITY, MO)",UNITED STATES,Ice Bridge,commercial
ICR,"EAGLE AERO, INC. (SCOTIA, NY)",UNITED STATES,Icarus Flights,commercial
IDD,"ALBERTSONS, LLC",UNITED STATES,Ida,commercial
IDT,"ILLINOIS DEPARTMENT OF TRANSPORTATION (SPRINGFIELD, IL)",UNITED STATES,Idot,commercial
IFG,INFINITY FLIGHT GROUP,UNITED STATES,Infinity,commercial
IFL,"IFL GROUP, INC. (WATERFORD, MI)",UNITED STATES,Eifel,commercial
IFX,"INTERNATIONAL FLIGHT TRAINING ACADEMY (BAKERSFIELD, CA)",UNITED STATES,Ifta,commercial
IGS,"ISLE GRANDE FLYING SCHOOL (HATO REY, PR)",UNITED STATES,Isla Grande,commercial
IGY,NASA MARS,UNITED STATES,Ingenuity,commercial
IJA,"INTERNATIONAL JET AVIATION SERVICES (ENGLEWOOD, CO)",UNITED STATES,I-jet,commercial
IJR,"INTEGRA JET, LLC",UNITED STATES,Integra Jet,commercial
IJW,"INTERJET WEST, INC.",UNITED STATES,Jet West,commercial
ILF,"ISLAND AIR CHARTERS, INC. (FT. LAUDERDALE, FL)",UNITED STATES,Island Flight,commercial
ILU,INSTITUTE OF AVIATION AT PARKLAND COLLEGE,UNITED STATES,Illini,commercial
IMA,"INTER-MOUNTAIN AIRWAYS (BOULDER, CO)",UNITED STATES,Inter-mountain,commercial
IMG,"IMAGINE AIR JET SERVICES, LLC",UNITED STATES,Imagine,commercial
IPT,"INTERPORT CORPORATION (PORTLAND, ME)",UNITED STATES,Interport,commercial
IRO,"CSA AIR, INC. (IRON MOUNTAIN, MI)",UNITED STATES,Iron Air,commercial
ISA,"ISLAND AIRLINES, INC. (NANTUCKET, MA)",UNITED STATES,Island,commercial
ISH,ISLAND WINGS INC,UNITED STATES,Island Hop,commercial
ISU,INDIANA STATE UNIVERSITY,UNITED STATES,Indy State,commercial
ITA,"INTER-AIR, INC. (DENVER, CO)",UNITED STATES,Cafex,commercial
ITM,"TAB ASSOCIATES, INC. DBA ISLAND TYME",UNITED STATES,Island Tyme,commercial
ITS,"INTER-STATE AVIATION, INC. (PULLMAN, WA)",UNITED STATES,Inter-state,commercial
JAS,"JET AVIATION FLIGHT SERVICES, INC. (TETERBORO, NJ)",UNITED STATES,Jet Setter,commercial
JAX,"JANAIR, INC. (DALLAS, TX)",UNITED STATES,Janair,commercial
JBU,"JETBLUE AIRWAYS CORPORATION (NEW YORK, NY)",UNITED STATES,Jetblue,commercial
JCM,"SECURE AIR CHARTER, LLC (NASHVILLE, TN)",UNITED STATES,Secureair,commercial
JCT,"JET CHARTER, INC. (FRANKLIN LAKES, NJ)",UNITED STATES,Jet Charter,business
JCY,AERIUS MANAGEMENT LLC,UNITED STATES,Jet City,commercial
JDC,"DEERE AND COMPANY (MOLINE, IL)",UNITED STATES,John Deere,commercial
JDS,JACKSON DEMOLITION SERVICES,UNITED STATES,Doctor Bird,commercial
JHJ,MAD SCIENCE CHAMBER LLC,UNITED STATES,Camo,commercial
JHN,"JOHNSON AIR, INC. (BATAVIA, NY)",UNITED STATES,Air Johnson,commercial
JIA,PSA AIRLINES,UNITED STATES,Blue Streak,commercial
JIT,JET IT,UNITED STATES,Jet It,commercial
JKA,"LETOURNEAU UNIVERSITY, SCHOOL OF AERONAUTICAL SCIENCE (LONGVIEW, TX)",UNITED STATES,Jacket,commercial
JKR,JUSTICE AIR INC.,UNITED STATES,Joker,commercial
JLC,ANGELIC AIR,UNITED STATES,Angelic,commercial
JLF,"RIVERSIDE CHARTER, LLC",UNITED STATES,Jetlyft,commercial
JLG,"JET LOGISTICS, INC. (RALEIGH, NC)",UNITED STATES,Logistics,cargo
JLJ,NOBLE AIR CHARTER,UNITED STATES,Highborn,commercial
JNH,"M AND N EQUIPMENT, LLC D/B/A M & N AVIATION (CASPER, WY)",UNITED STATES,Jonah,commercial
JNX,FLY DREAMS LLC DBA JETNEXA,UNITED STATES,Nexa,commercial
JNY,"JOURNEY AVIATION, LLC",UNITED STATES,Rock Band,commercial
JPA,"OPERATIONAL SUPPORT AIRLIFT COMMAND (OSACOM) (FORT BELVOIR, VA)",UNITED STATES,J-pat,commercial
JPB,"ACP JET CHARTER, INC.",UNITED STATES,Palmbeach Jet,business
JPL,JETSPLUS,UNITED STATES,Sequoia,commercial
JPR,"UNITED STATES GOVERNMENT, DEPARTMENT OF THE INTERIOR",UNITED STATES,Jumper,commercial
JPT,"PRIME JET (SCOTTSDALE, AZ)",UNITED STATES,Primetime,commercial
JRE,"LGM ENTERPRISES, LLC",UNITED STATES,Jet Share,commercial
JRT,"JETRIGHT AIR MANAGEMENT, LLC",UNITED STATES,Jetright,commercial
JSL,"NORTHERN AIR TRANSPORT, INC. D/B/A SELECTJET",UNITED STATES,Selectjet,commercial
JSP,"JETSTREAM AVIATION INC (BOISE, ID)",UNITED STATES,Spooler,commercial
JSX,DELUX PUBLIC CHARTER LLC,UNITED STATES,Bigstripe,commercial
JTL,"JET LINX AVIATION, LLC (OMAHA, NE)",UNITED STATES,Jet Linx,commercial
JTM,"EAST COAST FLIGHT SERVICES, INC.",UNITED STATES,Jet Coast,commercial
JTN,JET TEST INTL.,UNITED STATES,Jet Test,commercial
JTZ,"NICHOLAS SERVICES, LLC",UNITED STATES,Steel Jet,commercial
JUS,"USA JET AIRLINES, INC. (BELLEVILLE, MI)",UNITED STATES,Jet Usa,commercial
JXA,"JET ACCESS AVIATION, LLC",UNITED STATES,Jet Access,commercial
JYA,"NATIONAL AIR CHARTERS, INC.",UNITED STATES,Sunbiz,commercial
KAD,K&A AVIATION,UNITED STATES,Rapid Air,commercial
KAI,"KAISER AIR, INC. (OAKLAND, CA)",UNITED STATES,Kaiser,commercial
KAN,"KANSAS HIGHWAY PATROL (TOPEKA, KS)",UNITED STATES,Kansas,commercial
KAP,"HYANNIS AIR SERVICE, INC. D/B/A CAPE AIR (HYANNIS, MA)",UNITED STATES,Cair,commercial
KCR,"KOLOB CANYON AIR SERVICES (CEDAR CITY, UT)",UNITED STATES,Kolob,commercial
KDS,"SCHUMAN AVIATION COMPANY LTD (HONOLULU, HI)",UNITED STATES,Kaleo,commercial
KEN,"KENMORE AIR HARBOR, INC. (KENMORE, WA)",UNITED STATES,Kenmore,commercial
KEY,"KEY AIR, LLC (OXFORD, CT)",UNITED STATES,Key Air,commercial
KFB,"SUPERIOR TRANSPORTATION ASSOCIATES, INC - DBA STAJETS",UNITED STATES,Mission,commercial
KFS,"KALITTA FLYING SERVICE, INC. (MORRISTOWN, TN)",UNITED STATES,Kalitta,commercial
KHA,"KITTY HAWK AIRCARGO, INC. (DALLAS-FT. WORTH, TX)",UNITED STATES,Air Kittyhawk,commercial
KII,KALITTA CHARTERS II LLC,UNITED STATES,Dragster,commercial
KLR,"COLUMBUS AIR TRANSPORT, INC. (COLUMBUS, OH)",UNITED STATES,Kay-ler,commercial
KMK,"KAMAKA AIR, INC.",UNITED STATES,Kamaka,commercial
KNW,KENAI AVIATION OPERATIONS,UNITED STATES,Redoubt,commercial
KNZ,"EXECUTIVE TRAVEL AIR (SHREVEPORT, LA)",UNITED STATES,Kinze,commercial
KOK,"HORIZON AIR SERVICE (HONOLULU, HI)",UNITED STATES,Koko,commercial
KOW,"BAKER AVIATION, LLC (FORT WORTH, TX)",UNITED STATES,Rodeo,commercial
KPO,"FLY ALLIANCE, INC.",UNITED STATES,Krypto,commercial
KSF,KENT STATE UNIVERSITY,UNITED STATES,Kent,commercial
KSU,"KANSAS STATE UNIVERSITY (MANHATTAN, KS)",UNITED STATES,K-state,commercial
KTY,DILLON AERO INC.,UNITED STATES,Kryptar,commercial
KWX,"FLORIDA AEROCHARTER INC. D/B/A AIR KEY WEST (KEY WEST, FL)",UNITED STATES,Kay Dub,commercial
KYE,"SKY LEASE I, INC. (GREENSBORO, NC)",UNITED STATES,Sky Cube,commercial
LAB,"L A B FLYING SERVICE (HAINES, AK)",UNITED STATES,Lab,commercial
LAC,"LOCKHEED AIRCRAFT CORP. (BURBANK, CA)",UNITED STATES,Lockheed,commercial
LAD,"LEBANON AIRPORT DEVELOPMENT CORP. (WEST LEBANON, NH)",UNITED STATES,Ladco-air,commercial
LAK,RED WING AEROPLANE COMPANY,UNITED STATES,Redlake,commercial
LAR,"LAWRENCE AVIATION, INC. (LAWRENCE, KS)",UNITED STATES,Lawrence,commercial
LBQ,"QUEST DIAGNOSTICS (READING, PA)",UNITED STATES,Labquest,commercial
LCA,"LECONTE AIRLINES (WRANGELL, AK)",UNITED STATES,Leconte,commercial
LCC,"THE LANCAIR COMPANY (BEND, OR)",UNITED STATES,Lancair,commercial
LCH,"LYNCH FLYING SERVICE, INC. (BILLINGS, MT)",UNITED STATES,Lynch Air,commercial
LEG,"THE ARMY AVIATION HERITAGE FOUNDATION (HAMPTON, GA)",UNITED STATES,Legacy,commercial
LEN,"LENTINI AVIATION, INC. (PONTIAC, MI)",UNITED STATES,Lentini,commercial
LEX,LEXAIR CORPORATE AVIATION,UNITED STATES,Lexair,commercial
LFA,AEROSIM ACADEMY INC.,UNITED STATES,Bucky,commercial
LFG,"LET'S JETT, INC",UNITED STATES,Lets Jett,commercial
LGF,"LEGACY AIRWAYS, LLC",UNITED STATES,Legacy Freight,commercial
LHN,"EXPRESS ONE INTERNATIONAL, INC. (DALLAS, TX)",UNITED STATES,Longhorn,commercial
LIF,"ROCKY MOUNTAIN HOLDINGS, L.L.C. (PROVO, UT)",UNITED STATES,Lifecare,commercial
LIFEGUARD,MEDICAL/EMERGENCY FLIGHT PREFIX (PSEUDO-OPERATOR),UNITED STATES,Lifeguard,medevac
LJY,"L.J. ASSOCIATES D/B/A L J AVIATION (LATROBE, PA)",UNITED STATES,Eljay,commercial
LKF,"AVIATION ADVISOR, INC. (ANTIOCH, IL)",UNITED STATES,Lakefront,commercial
LLN,ALLEN CORPORATION OF AMERICA,UNITED STATES,Allen,commercial
LND,DIRECT2 LLC,UNITED STATES,Wild Lands,commercial
LNG,"LOCKHEED MARTIN AERONAUTICS COMPANY (FORT WORTH, TX)",UNITED STATES,Lightning,commercial
LOC,"LOCAIR, INC. (FORT LAUDERDALE, FL)",UNITED STATES,Locair,commercial
LOF,"TRANS STATES AIRLINES, INC. D/B/A TRANS WORLD EXPRESS",UNITED STATES,Waterski,commercial
LOX,FLYRICH LLC,UNITED STATES,Lox Jet,commercial
LPL,"LEASE-A-PLANE INTERNATIONAL (NORTHBROOK, IL)",UNITED STATES,Lease-a-plane,commercial
LRD,"LAREDO AIR (LAREDO, TX)",UNITED STATES,Laredo Air,commercial
LRT,"LIBERTY JET MANAGEMENT (RONKONKOMA, NY)",UNITED STATES,Liberty Jet,business
LSO,LONE STAR COMMUNICATIONS,UNITED STATES,Starcom,commercial
LTA,"LEADERSHIP IN FLIGHT TRAINING, LLC, DBA AS LIFT ACADEMY",UNITED STATES,Lift,commercial
LTD,"EXECUTIVE EXPRESS AVIATION D/B/A JA AIR CHARTER (SUGAR GROVE, IL)",UNITED STATES,Lightspeed,commercial
LVA,HAWAIIAN GLOBETROTTER,UNITED STATES,Akaal,commercial
LVT,ELEVATE JET LLC,UNITED STATES,Elevate,commercial
LXF,"LYNX AIR INTERNATIONAL (FORT LAUDERDALE, FL)",UNITED STATES,Lynx Flight,commercial
LXJ,"FLEXJET LLC (RICHARDSON, TX)",UNITED STATES,Flexjet,business
LYC,"LYNDEN AIR CARGO, LLC",UNITED STATES,Lynden,cargo
LYM,"KEY LIME AIR (ENGLEWOOD, CO)",UNITED STATES,Key Lime,commercial
MAD,"MALONE AIRCHARTER, INC",UNITED STATES,Malone,commercial
MAK,MAKLEE AIR,UNITED STATES,Maklee,commercial
MAN,"MANNION AIR CHARTER, INC. (YPSILANTI, MI)",UNITED STATES,Mannion,commercial
MAO,"MAYO CLINIC (ROCHESTER, MN)",UNITED STATES,Mayo,commercial
MARINE,"U.S. MARINE CORPS (PSEUDO-OPERATOR, ROLE TELEPHONY)",UNITED STATES,Marine,military
MAT,"MAINE AVIATION AIRCRAFT CHARTER LLC (PORTLAND, ME)",UNITED STATES,Maine-av,commercial
MDB,"VERTICAL AVIATION, LLC",UNITED STATES,Marianas,commercial
MDS,"MCNEELY CHARTER SERVICES, INC. (WEST MEMPHIS, AR)",UNITED STATES,Mid-south,commercial
MEC,"MERCURY AIRCOURIER SERVICE (SALT LAKE CITY, UT)",UNITED STATES,Mercair,commercial
MEDEVAC,MEDICAL EVACUATION (PSEUDO-OPERATOR),UNITED STATES,Medevac,medevac
MEI,"MERLIN AIRWAYS, INC. (BILLINGS, MT)",UNITED STATES,Avalon,commercial
MEJ,"AIRMED INTERNATIONAL LLC (BIRMINGHAM, AL)",UNITED STATES,Medjet,commercial
MEK,"MED-TRANS OF FLORIDA, INC. (TAMPA, FL)",UNITED STATES,Med-trans,commercial
MER,"METHOW AVIATION, INC. (EAST WENATCHEE, WA)",UNITED STATES,Methow,commercial
MES,"MESABA AVIATION (GRAND RAPIDS, MN)",UNITED STATES,Mesaba,commercial
MFD,"MONARCH AIR GROUP, LLC (FT. LAUDERDALE, FL)",UNITED STATES,Freight Dog,commercial
MFR,"MIDLINE AIR FREIGHT (OWENSBORO, KY)",UNITED STATES,Midline Freight,cargo
MGD,"MIAMI AIR LEASE, INC. (MIAMI, FL)",UNITED STATES,Miami Air,commercial
MGE,"AERO-MICRONESIA, INC. D/B/A ASIA PACIFIC AIRLINES (DANVILLE, CA)",UNITED STATES,Magellan,commercial
MHA,"MOUNTAIN HIGH AVIATION (WALLA WALLA, WA)",UNITED STATES,Mountain High,commercial
MHF,"MARITIME HELICOTPERS (HOMER, AK)",UNITED STATES,Air Maritime,commercial
MHO,"MOKULELE AIRLINES (KAILUA'KONA, HI)",UNITED STATES,Mahalo,commercial
MID,"WATERS AERO-MARINE, INC. D/B/A PENOBSCOT ISLAND AIR (SOUTH THOMASTON, ME)",UNITED STATES,Midcoast,commercial
MIT,"FLIGHT LINE, INC. (JACKSON, MS)",UNITED STATES,Matco,commercial
MJI,"MAJESTIC JET, INC. (FT. LAUDERDALE, FL)",UNITED STATES,Majestic Jet,commercial
MJR,"MIDAMERICA JET, INC. (OWENSBORO, KY)",UNITED STATES,Major,commercial
MJS,"AIRCHARTERS WORLWIDE INC. (FT. LAUDERDALE, FL)",UNITED STATES,Jet Saver,commercial
MKL,"MCCALL AVIATION, INC. (MCCALL, ID)",UNITED STATES,Mccall,commercial
MKU,"ISLAND AIR (HONOLULU, HI)",UNITED STATES,Moku,commercial
MLA,"FORTY-MILE AIR (TOK, AK)",UNITED STATES,Mile-air,commercial
MLN,"CORPORATE AIR, LLC (WEST MIFFLIN, PA)",UNITED STATES,Millennium,commercial
MLS,"MALL AIRWAYS, INC. (ALBANY, NY)",UNITED STATES,Mall-airways,commercial
MMH,"MCMAHON HELICOPTER SERVICES, INC.",UNITED STATES,Night Rider,rotorcraft
MMN,"PRO AIRWAYS, LLC (PLYMOUTH, MA)",UNITED STATES,Minuteman,commercial
MMU,ROADRUNAIR AVIATION,UNITED STATES,Sky Tour,commercial
MMY,"IASCO FLIGHT TRAINING (REDDING, CA)",UNITED STATES,Marmot,commercial
MNH,"MONARCH AIRLINES (GRAND JUNCTION, CO)",UNITED STATES,Monarch Air,commercial
MNU,"ELITE AIRWAYS (PORTLAND, ME)",UNITED STATES,Mainer,commercial
MNY,"MOONEY AIRCRAFT CORPORATION (KERRVILLE, TX)",UNITED STATES,Mooney Flight,commercial
MOW,"MOHAWK AIRLINES (ONEONTA, NY)",UNITED STATES,Mohawk Air,commercial
MPA,"MID-PACIFIC AIRLINES, INC. (HONOLULU, HI)",UNITED STATES,Mid Pac,commercial
MRA,"MARTINAIRE (ADDISON, TX)",UNITED STATES,Martex,commercial
MRC,"MARTIN COMPANIES (KILGORE, TX)",UNITED STATES,Martrans,commercial
MRD,"MERIDIAN AIR CARGO, INC. (MERIDIAN, MS)",UNITED STATES,Meridian,cargo
MRK,"MARKAIR INC. (ANCHORAGE, AK)",UNITED STATES,Markair,commercial
MRO,"MORRISON FLYING SERVICE, INC. (HELENA, MT)",UNITED STATES,Morrison,commercial
MRR,"WEST ISLE AIR, INC. (ANACORTES, WA)",UNITED STATES,Mariner,commercial
MRX,"HERMEN'S MARKAIR EXPRESS (ST. MARY'S, AK)",UNITED STATES,Speedmark,commercial
MSH,"U S MARSHALS SERVICE, U.S. DEPARTMENT OF JUSTICE (WASHINGTON, DC)",UNITED STATES,Marshalair,commercial
MTA,"MITCHELL AERO, INC. D/B/A GAK/MITCHELL AERO, INC. (MILWAUKEE, WI)",UNITED STATES,Gak Aviation,commercial
MTD,METROJETS LLC,UNITED STATES,Matador,commercial
MTH,"MASSACHUSETTS INSTITUTE OF TECHNOLOGY (LEXINGTON, MA)",UNITED STATES,Research,commercial
MTN,"MOUNTAIN AIR CARGO, INC. (DENVER, NC)",UNITED STATES,Mountain,cargo
MTR,"METROFLIGHT INC. (HOUSTON, TX)",UNITED STATES,Metro,commercial
MTU,MIDDLE TENNESSEE STATE UNIVERSITY (MTSU),UNITED STATES,Blue Raider,commercial
MUI,"TRANS AIR (HONOLULU, HI)",UNITED STATES,Transair,commercial
MVA,"MISSISSIPPI VALLEY AIRWAYS, INC. (LACROSSE, WI)",UNITED STATES,Valair,commercial
MVJ,MIRA VISTA AVIATION,UNITED STATES,Mira Vista,commercial
MVK,NORTH STAR AVIATION,UNITED STATES,Minn State,commercial
MVP,"PREMIER AIR, INC. DBA PREMIER PRIVATE JETS",UNITED STATES,Allstar,commercial
MVR,"MAVERICK AIRWAYS CORPORATION (DENVER, CO)",UNITED STATES,Mav-air,commercial
MWH,ELEMENTAL AVIATION,UNITED STATES,Mega Watt,commercial
MWL,"GERLACH & ASSOCIATES, LLC D/B/A MIDWEST AIR LINK (VALPARAISO, IN)",UNITED STATES,Midwest Airlink,commercial
MWT,"MIDWEST AVIATION DIVISION, INC. (MARSHALL, MN)",UNITED STATES,Midwest,commercial
MXF,"MAXIMUM FLIGHT ADVANTAGES, LLC (MIAMISBURG, OH)",UNITED STATES,Maxflight,commercial
MXP,"MAY AIR XPRESS, INC. (EL DORADO, AR)",UNITED STATES,Beechnut,commercial
MXS,"SUNRISE AIRLINES INC. D/B/A MILLON EXPRESS (MIAMI, FL)",UNITED STATES,Millon Express,commercial
MXY,BREEZE AIRWAYS,UNITED STATES,Moxy,commercial
MZN,"AVIATION SPECIALTIES UNLIMITED, INC.",UNITED STATES,Amazon,commercial
NAC,"NORTHERN AIR CARGO, INC. (ANCHORAGE, AK)",UNITED STATES,Yukon,cargo
NAO,"NORTH AMERICAN AIRLINES, INC. (JAMAICA, NY)",UNITED STATES,North American,commercial
NAT,"NORTH ATLANTIC AIR, INC. (DANVERS, MA)",UNITED STATES,Mass Air,commercial
NAVY,"U.S. NAVY (PSEUDO-OPERATOR, ROLE TELEPHONY)",UNITED STATES,Navy,military
NCC,"T3 AVIATION, INC.",UNITED STATES,Starfleet,commercial
NCJ,"NORTH CENTRAL AVIATION, LLC (ST. PAUL, MN)",UNITED STATES,North Central,commercial
NCR,"NATIONAL AIR CARGO GROUP, INC. (YPSILANTI, MI)",UNITED STATES,National Cargo,cargo
NDG,MEDIMPACT HOLDINGS INC,UNITED STATES,Sandog,commercial
NDU,"UNIVERSITY OF NORTH DAKOTA (GRAND FORKS, ND)",UNITED STATES,Sioux,commercial
NEA,"NEW ENGLAND AIRLINES, INC. (WESTERLY, RI)",UNITED STATES,New England,commercial
NEW,NORTHEASTERN AVIATION CORPORATION,UNITED STATES,Northeastern,commercial
NFL,"NORTHAIRE FREIGHT LINES LTD. (DAVISBURG, MI)",UNITED STATES,Great Lakes,cargo
NFX,"NETFLIX, INC.",UNITED STATES,Sunset,commercial
NGF,"AIR CHARITY NETWORK (VIRGINIA BEACH, VA)",UNITED STATES,Angel Flight,commercial
NHK,"UNITED STATES GOVERNMENT, FEDERAL AVIATION ADMINISTRATION",UNITED STATES,Nighthawk,commercial
NIT,"MIDDLE GEORGIA STATE UNIVERSITY (MACON, GA)",UNITED STATES,Nighttrain,commercial
NJC,"NASHVILLE JET CHARTERS, INC. (NASHVILLE, TN)",UNITED STATES,Nashville Jet,business
NJM,NORTHERN JET MANAGEMENT,UNITED STATES,Northern Jet,business
NJT,"NETJET INTERNATIONAL (EAST GRANBY, CT)",UNITED STATES,Netjet,commercial
NJZ,"CORPORATE AIR TRAVEL, LLC",UNITED STATES,Neojet,commercial
NKS,"SPIRIT AIRLINES, INC. (EASTPOINTE, MI)",UNITED STATES,Spirit Wings,commercial
NKT,"NORTH COUNTRY AVIATION, INC. (GAYLORD, MI)",UNITED STATES,North Country,commercial
NLA,"PENINSULA AIRWAYS, INC. (ANCHORAGE, AK)",UNITED STATES,Peninsula,commercial
NLE,FAA-WJH TECHNICAL CENTER AIR SHUTTLE PROGRAM,UNITED STATES,Nellie,commercial
NMI,"PACIFIC WINGS (PAIA, HI)",UNITED STATES,Tsunami,commercial
NOA,"NATIONAL OCEANIC & ATMOSPHERIC ADMINISTRATION (TAMPA, FL)",UNITED STATES,Noaa,commercial
NSH,STERLING AVIATION LLC,UNITED STATES,North-shore,commercial
NSI,"NORTHERN SKIES AVIATION, INC. (LAUREL, MT)",UNITED STATES,Northern Skies,commercial
NSM,"GLOBAL JET CORPORATION (SCOTTSDALE, AZ",UNITED STATES,Thundercloud,commercial
NSP,SAMARITAN'S PURSE,UNITED STATES,Sam Purse,commercial
NTC,"GIBSON AVIATION (EAU CLAIRE, WI)",UNITED STATES,Night Chase,commercial
NTK,NATIONAL AIR TRAFFIC CONTROLLERS ASSOCIATION (NATCA),UNITED STATES,Natca,commercial
NTS,"CIRRUS AIR, INC. (DALLAS, TX)",UNITED STATES,Nite Star,commercial
NTW,"MAXAIR, LLC",UNITED STATES,Northwoods,commercial
NUS,"NORTHERN ILLINOIS FLIGHT CENTER, INC. (LAKE IN THE HILLS, IL)",UNITED STATES,Enjet,commercial
NVT,"NATIVE AMERICAN AIR AMBULANCE, INC. (MESA, AZ)",UNITED STATES,Native,medevac
NWD,"NEW WORLD JET CORPORATION (RONKONKOMA, NY)",UNITED STATES,New World,commercial
NWF,"NORTHWEST FLYERS, INC. (SCHAUMBURG, IL)",UNITED STATES,Second City,commercial
NXC,"NEXGEN AVIATION, LLC",UNITED STATES,Nexcon,commercial
NXT,NEXTNET,UNITED STATES,Nextnet,commercial
OAE,"OMNI AIR INTERNATIONAL, INC. (TULSA, OK)",UNITED STATES,Omni-express,commercial
OBT,VIRGIN ORBIT,UNITED STATES,Cosmic Girl,commercial
OFT,"BUFFALO RIVER AIRCRAFT SERVICES, LLC",UNITED STATES,Outfitter,commercial
OKC,"PRIVATE JETS, INC.",UNITED STATES,Thunder Wings,commercial
OKL,"OKLAHOMA DEPARTMENT OF PUBLIC SAFETY, TROOP O (BETHANY, OK)",UNITED STATES,Oklahoma,commercial
OLV,"GA FLIGHT OF DE, INC. D/B/A AIRSTAR (SWAINSBORO, GA)",UNITED STATES,Olivia,commercial
OMD,NOMADIC AVIATION GROUP,UNITED STATES,Nomadic,commercial
OME,"OMEGA AERIAL REFUELING SERVICES, INC.",UNITED STATES,Omega Tanker,commercial
OPN,"K & R AVIATION, LLC",UNITED STATES,Open Air,commercial
OPT,"FLIGHT OPTIONS (JOHNSON CITY, NY)",UNITED STATES,Options,business
ORA,"MONTAUK CARIBBEAN AIRWAYS, INC. D/B/A LONG ISLAND AIRLINES",UNITED STATES,Long Island,commercial
ORN,"ORANGE AIR LLC (SANFORD, FL)",UNITED STATES,Orange Jet,commercial
OSD,NAOC,UNITED STATES,Secdef,commercial
OST,OKLAHOMA STATE UNIVERSITY,UNITED STATES,Ostate,commercial
OSU,"OHIO STATE UNIVERSITY FLIGHT EDUCATION DIVISION (COLUMBUS, OH)",UNITED STATES,Scarlet,commercial
OSY,OPEN SKIES CONSULTATIVE COMMISSION (OSCC),UNITED STATES,Open Skies,commercial
OTA,"BUSINESS AVIATIORS INC. (CASPER, WY)",UNITED STATES,Outlaw,commercial
OUA,"UNIVERSITY OF OKLAHOMA, DEPARTMENT OF AVIATION (NORMAN, OK)",UNITED STATES,Crimson,commercial
OUL,OKLAHOMA AVIATION DBA SOULBIRD,UNITED STATES,Soul Bird,commercial
OWL,"MIAMI VALLEY AVIATION, INC. (MIDDLETOWN, OH)",UNITED STATES,Night Owl,commercial
OZK,SOMA JETS,UNITED STATES,Silver Screen,commercial
OZN,AVIATOR ZONE ACADEMY LLC,UNITED STATES,Orange Tail,commercial
OZT,"PREMIER FLIGHT CENTER, LLC",UNITED STATES,Ozark Tech,commercial
PAA,"PAN AMERICAN AIRWAYS CORPORATION (DANIA, FL)",UNITED STATES,Clipper,commercial
PAC,"POLAR AIR CARGO WORLDWIDE, INC. (WASHINGTON, DC)",UNITED STATES,Polar,cargo
PAD,"PROFESSIONAL EXPRESS COURIER SERVICE, INC.(SEATTLE, WA)",UNITED STATES,Air Professional,commercial
PAF,PATHFINDER AVIATION LLC,UNITED STATES,Pathfinder,commercial
PAH,"PANORAMA AIR TOUR, INC. (HONOLULU, HI)",UNITED STATES,Lani,commercial
PAI,"PARADISE AIRWAYS, INC. (SMYRNA, TN)",UNITED STATES,Sea Ray,commercial
PAK,"PACIFIC ALASKA AIRLINES (FAIRBANKS, AK)",UNITED STATES,Pacific Alaska,commercial
PAT,"DEPARTMENT OF THE ARMY, PRIORITY AIR TRANSPORT (DAVISON AVIATION COMMAND) (FORT BELVOIR, VA)",UNITED STATES,Pat,business
PAX,"PAN AIR, INC. (HOUSTON, TX)",UNITED STATES,Pannex,commercial
PBF,"PENNSYLVANIA BUREAU OF FORESTRY - FOREST FIRE PROTECTION (HARRISBURG, PA)",UNITED STATES,Penn-forest,commercial
PCE,"PIEDMONT AVIATION SERVICES, INC. D/B/A PACE AIRLINES (WINSTON-SALEM, NC)",UNITED STATES,Pace,commercial
PCJ,"PACIFIC JET, INC. (ANCHORAGE, AK)",UNITED STATES,Pacific Jet,commercial
PCL,"PINNACLE AIR GROUP (SPRINGDALE, AR)",UNITED STATES,Pinnacle Group,commercial
PCM,"WESTAIR INDUSTRIES, INC. (CHICO, CA)",UNITED STATES,Pac Valley,commercial
PCN,"PRINCETON AVIATION CORPORATION (PRINCETON, NJ)",UNITED STATES,Princeton,commercial
PCR,"PEARSON AVIATION CORPORATION D/B/A PAC AIR(NASHUA, NH)",UNITED STATES,Pacair,commercial
PDD,"PHILLIPS ALASKA, INC. (ANCHORAGE, AK)",UNITED STATES,Pada,commercial
PDI,"AIR PARADISE (SAN JUAN, PR)",UNITED STATES,Coki,commercial
PDQ,"P D Q AIR CHARTER, INC. (PONTIAC, MI)",UNITED STATES,Dispatch,commercial
PDT,"PIEDMONT AIRLINES, INC. D/B/A HENSON AVIATION - USAIR FLORIDA SHUTTLE - USAIR EXPRESS (SALISBURY, MD)",UNITED STATES,Piedmont,commercial
PDU,PURDUE UNIVERSITY,UNITED STATES,Purdue,commercial
PEG,"PEGASUS ELITE AVIATION, INC. (LAKE HAVASU CITY, AZ)",UNITED STATES,Pegjet,commercial
PFR,"PACIFICAIR AIRLINES (CORVALLIS, OR)",UNITED STATES,Pacific West,commercial
PFS,"PERRYCOOK FLIGHT SERVICES, LLC",UNITED STATES,Jay Bird,commercial
PFT,"C.C. CALZONE, LLC DBA PARAGON AIRWAYS",UNITED STATES,Paragon Flight,commercial
PGJ,"USAC AIRWAYS 691, LLC",UNITED STATES,Uber,commercial
PGN,"TAILWIND AIR, LLC",UNITED STATES,Peregrine,commercial
PGR,PRESTIGE AIR GROUP,UNITED STATES,Prestige Air,commercial
PGX,"PARAGON AIR EXPRESS, INC.",UNITED STATES,Paragon Express,commercial
PHD,"DUNCAN AVIATION, INC. (LINCOLN, NE)",UNITED STATES,Panhandle,commercial
PHJ,"CORPORATE JET, LLC DBA PRIORITY JET (PEACHTREE CITY, GA)",UNITED STATES,Peachjet,commercial
PHL,"PHILLIPS MICHIGAN CITY FLYING SERVICE, INC. (MICHIGAN CITY, IN)",UNITED STATES,Phillips,commercial
PHM,"PHI, INC (LAFAYETTE, LA)",UNITED STATES,Petroleum,commercial
PIN,"PACIFIC INTERNATIONAL AIRLINES, INC. (TUCSON, AZ)",UNITED STATES,Road Runners,commercial
PIO,"PIONEER AIRLINES, INC. (DENVER, CO)",UNITED STATES,Pioneer,commercial
PJA,"PRIVATE JET MANAGEMENT (ELYRIA, OH)",UNITED STATES,Private Flight,business
PJC,"HOLMAN LEASING SYSTEMS, INC., PITTSBURGH JET CENTER ( ZELIENOPLE, PA)",UNITED STATES,Pittsburgh Jet,commercial
PJE,"PRIVATE JET EXPEDITIONS, INC. (ATLANTA, GA)",UNITED STATES,Pee Jay,business
PJF,"PROJET AVIATION, LLC (WINCHESTER, VA)",UNITED STATES,Projet,commercial
PJI,"PREMIER JETS, INC.",UNITED STATES,Pre Jet,commercial
PKP,"MOUNTAIN AIR EXPRESS, INC. (COLORADO SPRINGS, CO)",UNITED STATES,Pikes Peak,commercial
PKW,"PAK WEST AIRLINES, INC. (STOCKTON, CA)",UNITED STATES,Platinum West,commercial
PLA,"POLYNESIAN AIR-WAYS (HONOLULU, HI)",UNITED STATES,Polyair,commercial
PLT,"SOUTH CAROLINA AERONAUTICS COMMISSION (COLUMBIA, SC)",UNITED STATES,Palmetto,commercial
PLZ,PATIENT AIRLIFT SERVICES,UNITED STATES,Pals Hope,commercial
PMC,"PRIMAC COURIER, INC. (ENGLEWOOD CLIFFS, NJ)",UNITED STATES,Primac,commercial
PMM,"PARADIGM AIR (DALLAS, TX)",UNITED STATES,Paradigm,commercial
PMS,"PLANEMASTER SERVICES, INC. (WEST CHICAGO, IL)",UNITED STATES,Planemaster,commercial
PNJ,"PACIFIC NORTHWEST, INC. (WILMINGTON, DE)",UNITED STATES,Pac Jet,commercial
POC,"POCONO AIR LINES, INC. (EAST STROUDSBURG, PA)",UNITED STATES,Pocono,commercial
PPA,"PROPHETER CONSTRUCTION COMPANY, INC. D/B/A PROPHETER AVIATION (STERLING, IL)",UNITED STATES,Air Prop,commercial
PPG,"PHOENIX AIR TRANSPORT, INC. (PHOENIX, AZ)",UNITED STATES,Papago,commercial
PPK,"RAMP 66 (NORTH MYRTLE BEACH, SC)",UNITED STATES,Pelican,commercial
PPS,"BUTTE AVIATION, INC. (BUTTE, MT)",UNITED STATES,Pipestone,commercial
PQA,"PACIFIC COAST AIRLINES (NEWPORT BEACH, CA)",UNITED STATES,Sage Brush,commercial
PRB,"PUERTO RICO AIR MANAGEMENT SERVICES, INC. (SAN JUAN, PR)",UNITED STATES,Prams Air,commercial
PRD,"PRESIDENTIAL AVIATION (FT. LAUDERDALE, FL)",UNITED STATES,Presidential,commercial
PRE,PRECISION AIRCRAFT MANAGEMENT,UNITED STATES,Precision,commercial
PRH,"PRO AIR, INC. (SEATTLE WA)",UNITED STATES,Prohawk,commercial
PRM,"PRIME AIR, INC.(OCTERVILLE, MA)",UNITED STATES,Prime Air,commercial
PRU,"PRINAIR, INC. (SAN JUAN, PR)",UNITED STATES,Colorbird,commercial
PRV,"JET-A, LLC",UNITED STATES,Pre Vat,commercial
PRY,"PRIORITY AIR CHARTER, LLC (KIDRON, OH)",UNITED STATES,Priority Air,commercial
PSA,"PACIFIC ISLAND AVIATION, INC. (SAIPAN, MP)",UNITED STATES,Pacific Isle,commercial
PSK,"PRESCOTT SUPPORT COMPANY (NASHVILLE, TN)",UNITED STATES,Support,commercial
PSX,"PACIFIC SOUTHWEST AIRLINES, INC. (CARLBAD, CA)",UNITED STATES,Smiley,commercial
PSZ,"PRO AIR SERVICE (MIAMI, FL)",UNITED STATES,Pop-air,commercial
PTJ,"AIRSHOWS AMERICA THE PATRIOTS (BYRON, CA)",UNITED STATES,Pat-jets,commercial
PTL,"PROVIDENCE AIRLINE (COVENTRY, RI)",UNITED STATES,Plantation,commercial
PTQ,"PORT TOWNSEND AIRWAYS (PORT TOWNSEND, WA)",UNITED STATES,Townsend,commercial
PTY,"PETTY TRANSPORT, LLC (GREENSBORO, NC)",UNITED STATES,Petty,commercial
PVA,PLANET NINE PRIVATE AIR,UNITED STATES,Private Air,commercial
PVO,"SKY ONE HOLDINGS, LLC (FT. LAUDERDALE, FL)",UNITED STATES,Private Orange,commercial
PWA,"PRIESTER AVIATION (WHEELING, IL)",UNITED STATES,Priester,commercial
PWR,QUANTA AVIATION SERVICES,UNITED STATES,Powergrid,commercial
PXG,"AITHERAS AVIATION GROUP, LLC (CLEVELAND, OH)",UNITED STATES,Phoenix Global,commercial
PXJ,"JET TEAM, INC. (GILBERT, AZ)",UNITED STATES,Phoenix Jet,commercial
PXT,"PACIFIC COAST JET (OAKLAND, CA)",UNITED STATES,Pack Coast,commercial
PXX,"AROOSTOOK AVIATION, INC. (FRENCHVILLE, ME)",UNITED STATES,Pine State,commercial
PYZ,"PLAYERS AIR, INC. (LAWRENCEVILLE, GA)",UNITED STATES,Players Air,commercial
QAI,"CONQUEST AIR INC. (MIAMI, FL)",UNITED STATES,Chickpea,commercial
QHD,"MEREGRASS, INC.",UNITED STATES,Quahadi,commercial
QID,"U.S. AIR FORCE 100TH AIR REFUELING WING, RAF MILDENHALL",UNITED STATES,Quid,military
QXE,"HORIZON AIR INDUSTRIES, INC.",UNITED STATES,Horizon Air,commercial
RAA,"RYNES AVIATION, INC. (MELROSE PARK, IL)",UNITED STATES,Rynes Aviation,commercial
RAL,"ROSWELL AIRLINES (ROSWELL, NM)",UNITED STATES,Roswell,commercial
RAP,"AIR CENTER HELICOPTERS, INC. (FORT WORTH, TX)",UNITED STATES,Raptor,rotorcraft
RAS,"JIM RATLIFF AIR SERVICE, INC. D/B/A RAS (COLUMBUS, MS)",UNITED STATES,Shanhil,commercial
RAX,"ROYAL AIR FREIGHT, INC. (WATERFORD, MI)",UNITED STATES,Air Royal,cargo
RBN,"RED BARON AVIATION, INC. (TAMPA, FL)",UNITED STATES,Red Baron,commercial
RBY,"VISION AIRLINES, INC. D/B/A VISION AIR (NORTH LAS VEGAS, NV)",UNITED STATES,Ruby,commercial
RCA,"RICHLAND AVIATION (SIDNEY, MT)",UNITED STATES,Richland,commercial
RCH,AIR MOBILITY COMMAND (AMC),UNITED STATES,Reach,military
RDK,"MEMORIAL HERMANN HOSPITAL SYSTEM LIFE FLIGHT (HOUSTON, TX)",UNITED STATES,Red Duke,medevac
RDN,RED BARN OPERATIONS,UNITED STATES,Red Barn,commercial
RDS,"RHOADES AVIATION, INC. (COLUMBUS, IN)",UNITED STATES,Rhoades Express,commercial
RDY,"PHANTOM SERVICES, LLC",UNITED STATES,Rodney,commercial
REH,"REACH AIR MEDICAL SERVICES (SANTA ROSA, CA)",UNITED STATES,Reachmed,medevac
REL,"RELIANCE AVIATION (FORT LAUDERDALE, FL)",UNITED STATES,Reliance Air,commercial
REO,"RIO AIRWAYS (KILLEEN, TX)",UNITED STATES,Rio,commercial
REX,"RAM AIR FREIGHT, INC. (HILLSBOROUGH, NC)",UNITED STATES,Ram Express,cargo
RFX,"J P HUNT, INC., AIR CARRIERS (GENTRY, AR)",UNITED STATES,Reflex,commercial
RGL,"TRADECRAFT FLYING SERVICE, LLC",UNITED STATES,Ridgeline,commercial
RGS,"RENOWN AVIATION, INC. (SANTA MARIA, CA)",UNITED STATES,Renown,commercial
RGY,"REGENCY AIR, LLC (SANTA ANA, CA)",UNITED STATES,Regency,commercial
RHE,UNC AIR OPERATIONS,UNITED STATES,Tar Heel,commercial
RIA,"RICH INTERNATIONAL AIRWAYS, INC. (MIAMI, FL)",UNITED STATES,Richair,commercial
RIC,"RICHARDSON'S AIRWAY, INC. (YAKIMA, WA)",UNITED STATES,Richardson,commercial
RIM,"RIMROCK AIRLINES, INC. (SPOKANE, WA)",UNITED STATES,Rimrock,commercial
RIX,"RECTRIX AVIATION, INC. (BEDFORD, MA)",UNITED STATES,Rectrix,commercial
RJC,"RICHMOR AVIATION, INC. (HUDSON, NY)",UNITED STATES,Columbia Jet,commercial
RJE,"MIDWEST JET, LLC D/B/A REYNOLDS JET MANAGEMENT (CINCINNATI, OH)",UNITED STATES,Reynolds Jet,business
RJR,AVIONCO US LTD,UNITED STATES,Jumpjet,commercial
RKJ,CHARTER AIRLINES LLC,UNITED STATES,Arca Jet,commercial
RKK,STEPHENS INVESTMENTS HOLDINGS,UNITED STATES,Rocktown,commercial
RKS,"ACP JET CHARTERS, INC. DBA PHENIX JET",UNITED STATES,Rockstar,business
RLI,"RELIANT AIR CHARTER, INC. (DANBURY, CT)",UNITED STATES,Reliant,commercial
RLJ,"EMPYREAL JET, INC.",UNITED STATES,Real Jet,commercial
RLM,"ROYAL AMERICAN AIRWAYS (TUCSON, AZ)",UNITED STATES,Royal American,commercial
RLR,"BUSINESS AIRFREIGHT (BENNINGTON, VT)",UNITED STATES,Rattler,cargo
RMA,ROCKY MOUNTAIN AIRWAYS,UNITED STATES,Rocky Mountain,commercial
RMS,"TAS AVIATION, INC. (DEFIANCE, OH)",UNITED STATES,Tass Air,commercial
RMT,"RAM AIRCRAFT CORPRATION (WACO, TX)",UNITED STATES,Ram Flight,commercial
RNI,RENNIA AVIATION LLC,UNITED STATES,Rennia,commercial
RNR,"AIR CARGO MASTERS, INC. (SIOUX FALLS, SD)",UNITED STATES,Runner,cargo
ROK,RED ROCK FLIGHT SCHOOL,UNITED STATES,Red Rock,commercial
ROM,ENCOMPASS AVIATION,UNITED STATES,Rome,commercial
ROV,"ROVER AIRWAYS INTERNATIONAL, INC. (PAGOSA SPRINGS, CO)",UNITED STATES,Roverair,commercial
ROX,"ROBLEX AVIATION, INC. (BAYAMON, PR)",UNITED STATES,Roblex,commercial
RPA,"REPUBLIC AIRLINES, INC. (INDIANAPOLIS, IN)",UNITED STATES,Brickyard,commercial
RPM,"POLARIS AVIATION SOLUTIONS (TETERBORO, NJ)",UNITED STATES,Cobalt,commercial
RPN,"U.S. IMMIGRATION AND CUSTOM ENFORCEMENT (KANSAS CITY, MO)",UNITED STATES,Repatriate,commercial
RPS,"GLOBAL AIR CHARTER, INC. (ENGLEWOOD, CO)",UNITED STATES,Response,commercial
RQT,"AIRQUEST AVIATION, LP (BUTLER, PA)",UNITED STATES,Air Quest,commercial
RSI,"AIR SUNSHINE INC (FT. LAUDERDALE, FL)",UNITED STATES,Air Sunshine,commercial
RSK,"DSWA, LLC (DULLES, VA)",UNITED STATES,Redskin,commercial
RSP,"SUPERIOR AIR CHARTER DBA JETSUITE AIR (MEDFORD, OR)",UNITED STATES,Red Stripe,commercial
RST,"RESORT AIR (BALTIMORE, MD)",UNITED STATES,Resort Air,commercial
RTD,"L-3 COMMUNICATIONS FLIGHT INTERNATIONAL AVIATION LLC (NEWPORT NEWS, VA)",UNITED STATES,Riptide,commercial
RTN,"RAYTHEON AIRCRAFT COMPANY (WICHITA, KS)",UNITED STATES,Raytheon,commercial
RTY,AIMS COMMUNITY COLLEGE,UNITED STATES,Aims College,commercial
RUF,"AIR 1ST AVIATION COMPANIES OF OKLAHOMA, INC. (TULSA, OK)",UNITED STATES,Rough Rider,commercial
RVA,"RAVEN AIR (ANCHORAGE, AK)",UNITED STATES,Raven Air,commercial
RVC,"RICHARDS AVIATION, INC. (MEMPHIS, TN)",UNITED STATES,River City,commercial
RVF,RAVN ALASKA (ANCHORAGE AK),UNITED STATES,Raven Flight,commercial
RVJ,"AIRCRAFT MANAGEMENT GROUP, INC. (MOON TOWNSHIP, PA)",UNITED STATES,Rivers Jet,commercial
RVN,"QUALIFLIGHT TRAINING, INC. D/B/A/ RAVEN AIR (FORT WORTH, TX)",UNITED STATES,Raven U-s,commercial
RVQ,"AERO JET INTERNATIONAL (FORT LAUDERDALE, FL)",UNITED STATES,Reva Air,commercial
RVV,"REEVE AIR ALASKA, INC",UNITED STATES,Reeve,commercial
RWE,"ROYAL WEST AIRLINES (LAS VEGAS, NV)",UNITED STATES,Royal West,commercial
RWG,"C & M AIRWAYS, INC. (EL PASO, TX)",UNITED STATES,Red Wing,commercial
RYA,"RYAN AIR, INC. (ANCHORAGE, AK)",UNITED STATES,Ryan Air,commercial
RYN,"RYAN AVIATION CORPORATION D/B/A RYAN INTERNATIONAL AIRLINES (WICHITA, KS)",UNITED STATES,Ryan International,commercial
RZN,GRIDIRON AIR LLC,UNITED STATES,Redzone,commercial
RZR,"ZEPHYR EXPRESS (BURBANK, CA)",UNITED STATES,Recovery,commercial
SAM,USAF'S 89TH AIRLIFT WING- ANDREWS AIR FORCE BASE,UNITED STATES,Sam,military
SBE,"WORLD CLASS JET, LLC",UNITED STATES,Starbase,commercial
SBF,"SEVEN BAR FLYING SERVICE, INC. (ALBUQUERQUE, NM)",UNITED STATES,S-bar,commercial
SBQ,SMITHKLINE BEACHAM CLINICAL LABS,UNITED STATES,Skibble,commercial
SBR,"SABER AVIATION INC. (CHARLOTTE, NC)",UNITED STATES,Freighter,commercial
SBS,"SEABORNE AIRLINES (CHRISTIANSTED, USVI)",UNITED STATES,Seaborne,commercial
SCA,SIERRA CHARLIE AVIATION,UNITED STATES,Aviator,commercial
SCC,"SEACOAST AIRLINES, INC. (CLEARWATER, FL)",UNITED STATES,Sea-coaster,commercial
SCE,"SCENIC AIRLINES, INC. (N. LOS VEGAS, NV)",UNITED STATES,Scenic,commercial
SCJ,"GRAN-AIRE, INC. DBA SPRING CITY AVIATION EAST, LLC",UNITED STATES,Spring City,commercial
SCM,"AMERICAN JET INTERNATIONAL CORP. (HOUSTON, TX)",UNITED STATES,Screamer,commercial
SCN,"TWC AVIATION, INC.",UNITED STATES,Silicon,commercial
SCU,"SPARTAN EDUCATION, LLC DBA SPARTAN COLLEGE OF AERONAUTICS AND TECHNOLOGY",UNITED STATES,Skelly,commercial
SCW,SKYWEST CHARTER,UNITED STATES,Charter West,commercial
SCX,"MN AIRLINES, LLC, D/B/A SUN COUNTRY AIRLINES (MENDOTA HEIGHTS, MN)",UNITED STATES,Sun Country,commercial
SDB,"SHORELINE AVIATION, LLC (OXFORD, CT)",UNITED STATES,Shore Air,commercial
SDC,"SUNRISE AIRLINES (PAGE, AZ)",UNITED STATES,Sundance,commercial
SDD,"R I C INC., D/B/A SKYMASTER AIR TAXI (LACONIA, NH)",UNITED STATES,Sky Dance,commercial
SDU,"DUMONT AIRCRAFT CHARTER, LLC",UNITED STATES,Santos,commercial
SDY,"ISLAND EXPRESS (FT. LAUDERDALE, FL)",UNITED STATES,Sandy Isle,commercial
SEA,"SOUTHEAST AIR, INC. (NEW BEDFORD, MA)",UNITED STATES,Southeast Air,commercial
SEC,"3D AVIATION, INC. (HELENA, MT)",UNITED STATES,Securex,commercial
SED,"SEDONA AIR CENTER (WEST SEDONA, AZ)",UNITED STATES,Sedona Air,commercial
SEL,"SENTEL CORPORATION (NEWPORT NEWS, VA)",UNITED STATES,Sentel,commercial
SEM,"CAPE CENTRAL AIRWAYS, INC. (CAPE GIRARDEAU, MO)",UNITED STATES,Semo,commercial
SFE,TRAVIS COUNTY EMS,UNITED STATES,Star Flight,medevac
SFF,"SAFEWING AVIATION COMPANY, INC. (KANSAS CITY, MO)",UNITED STATES,Swiftwing,commercial
SFH,"NORTH AMERICAN JET CHARTER GROUP, LLC (WHEELING, IL)",UNITED STATES,Starfish,business
SFT,"SKYFREIGHT, INC. (SEATTLE, WA)",UNITED STATES,Skyfreight,commercial
SFX,SPORTSMAN'S LLC. / SWAMP FOX LLC.,UNITED STATES,Swamp Fox,commercial
SFY,"SKYBORNE AIRLINE ACADEMY, INC.",UNITED STATES,Sky Flite,commercial
SGB,"SKY KING, INC. (SACRAMENTO, CA)",UNITED STATES,Songbird,commercial
SGO,ADMIRAL BEVERAGE CORPORATION,UNITED STATES,Speedgoat,commercial
SGX,TRI-STATE JET CHARTER (DBA: SLATE AVIATION),UNITED STATES,Slate Global,business
SHC,"SKY HARBOR AIR SERVICE INC. (CHEYENNE, WY)",UNITED STATES,Sky Harbor Cheyenne,commercial
SHELL,USAF KC-135/KC-46 TANKER (PSEUDO-OPERATOR),UNITED STATES,Shell,military
SHV,"SHAVANO AIR, INC. (PONCHA SPRINGS, CO)",UNITED STATES,Shavano,commercial
SHZ,"AIRSHARES ELITE (ATLANTA, GA)",UNITED STATES,Elite Shares,commercial
SIE,"SIERRA EXPRESS (RENO, NV)",UNITED STATES,Serex,commercial
SIH,SKYROADS AVIATION LLC,UNITED STATES,Sky Roads,commercial
SIL,"SILVER AIRWAYS CORP. (FORT LAUDERDALE, FL)",UNITED STATES,Silver Wings,commercial
SIQ,ATMOSPHERIC RESEARCH BOULDER,UNITED STATES,Science Quest,commercial
SIR,"SALAIR, INC. (SEATTLE, WA)",UNITED STATES,Salair,commercial
SIS,"SCOTT AVIATION, LLC (FRESNO, CA)",UNITED STATES,Silverspeed,commercial
SIX,"SIXT RENTA CAR, LLC",UNITED STATES,Drive Orange,commercial
SIY,EXECUTIVE AVIATION CORPORATION,UNITED STATES,Serenity,commercial
SJA,"SAWYER AVIATION, LLC",UNITED STATES,Sawyer,commercial
SJE,"SUN AIR JETS (MCCLELLAN, CA)",UNITED STATES,Sun Journey,commercial
SJG,ALG GROUP LLC,UNITED STATES,Summer Jet,commercial
SJJ,"SPIRIT JETS, LLC (CHESTERFIELD, MO)",UNITED STATES,Spirit Jet,commercial
SJN,"RUGBY AVIATION, LLC DBA SAN JUAN AIRLINES",UNITED STATES,San Juan,commercial
SKB,"SKYBUS AIRLINES, INC. (COLUMBUS, OH)",UNITED STATES,Skybus,commercial
SKD,"SKY HARBOR AIR SERVICE, INC. (OMAHA, NE)",UNITED STATES,Sky Dawg,commercial
SKE,"SKY TOURS, INC. (PORT CLINTON, OH)",UNITED STATES,Skyisle,commercial
SKF,"SKYCRAFT, INC. (SEATTLE, WA)",UNITED STATES,Skycraft,commercial
SKM,"FAYETTEVILLE FLYING SERVICE AND SCHEDULED SKYWAYS SYSTEM (FAYETTEVILLE, AR)",UNITED STATES,Skytem,commercial
SKN,"SKYLINE AVIATION SERVICES, INC. (BEAVER FALLS, PA)",UNITED STATES,Skyliner,commercial
SKQ,"LABCORP, INC. (BURLINGTON, NC)",UNITED STATES,Skylab,commercial
SKW,"SKY WEST AVIATION, INC. (ST. GEORGE, UT)",UNITED STATES,Skywest,commercial
SKZ,"SKYWAY ENTERPRISES, INC. (KISSIMMEE, FL)",UNITED STATES,Skyway-inc,commercial
SLH,"SILVERHAWK AVIATION, INC. (SEWARD, NE)",UNITED STATES,Silverhawk,commercial
SLO,"EDGARTOWN AIR, INC. (EDGARTOWN, MA)",UNITED STATES,Slow,commercial
SMH,"SMITHAIR, INC. (ATLANTA, GA)",UNITED STATES,Smithair,commercial
SMM,"SUMMIT AIRLINES (PHILADELPHIA, PA)",UNITED STATES,Summit-air,commercial
SMU,"SANBORN MAP COMPANY (COLORADO SPRINGS, CO)",UNITED STATES,Springer,commercial
SNC,"AIR CARGO CARRIERS, INC. (MILWAUKEE, WI)",UNITED STATES,Night Cargo,cargo
SNK,"SUN JET INTERNATIONAL, INC. D/B/A SOUTHEAST AIRLINES (LARGO, FL)",UNITED STATES,Sun King,commercial
SNL,"SOONAIR LINES, INC. (TULSA, OK)",UNITED STATES,Soonair,commercial
SNP,"SUN PACIFIC INTERNATIONAL, INC. (TUCSON, AZ)",UNITED STATES,Sun Pacific,commercial
SNQ,"SUN QUEST EXECUTIVE AIR CHARTER, INC. (PACOIMA, CA)",UNITED STATES,Execu-quest,commercial
SNT,"SUNCOAST AVIATION, INC.(CLEARWATER, FL)",UNITED STATES,Suncoast,commercial
SNW,"SUN WEST AIRLINES (SCOTTSDALE, AZ)",UNITED STATES,Sun West,commercial
SOH,"SOUTHERN OHIO AVIATION SALES CO. (W. CARROLLTON, OH)",UNITED STATES,Southern Ohio,commercial
SOK,"S.A.C. INDUSTRIES, LLC (BOZEMAN, MT)",UNITED STATES,Snow Ski,commercial
SOO,"SOUTHERN AIR, INC. (COLUMBUS, OH)",UNITED STATES,Southern Air,commercial
SOT,"SOUTHEAST CORRECT CRAFT, INC. (ORLANDO, FL)",UNITED STATES,South Courier,commercial
SPA,"SIERRA PACIFIC AIRLINES, INC. (TUCSON, AZ)",UNITED STATES,Sierra Pacific,commercial
SPC,"SKYWORLD AIRLINES (DENVER, CO)",UNITED STATES,Port,commercial
SPE,"SPRAGUE ELECTRIC CO. (NORTH ADAMS, MA)",UNITED STATES,Sprague,commercial
SPI,"SOUTH PACIFIC ISLAND AIRWAYS, INC.",UNITED STATES,South Pacific,commercial
SPK,"SOLSTAS LAB PARTNERS (GREENSBORO, NC)",UNITED STATES,Solstas Lab,commercial
SPP,"SAPPHIRE AVIATION, INC. (WEST PALM BEACH, FL)",UNITED STATES,Sapphire,commercial
SPU,"SOUTHEAST AIRMOTIVE CORP. (CHARLOTTE, NC)",UNITED STATES,Sputter,commercial
SQD,"TOMORROW'S AERONAUTICAL MUSEUM, INC. (COMPTON, CA)",UNITED STATES,Aero Squad,commercial
SQH,BACKCOUNTRY AVIATION LLC,UNITED STATES,Sasquatch,commercial
SQU,AEROSPATIALLE,UNITED STATES,Remudo,commercial
SRX,"SIERRA EXPRESSWAY AIRLINES (OAKLAND, CA)",UNITED STATES,Sierra Ex,commercial
SRY,VIA AIRLINES,UNITED STATES,Stingray,commercial
SSC,"SOUTHERN SEAPLANE, INC. (BELLE CHASSE, LA)",UNITED STATES,Southern Skies,commercial
SSH,"HERITAGE AVIATION, INC. D/B/A HERITAGE FLIGHT, LLC (S. BURLINGTON, VT)",UNITED STATES,Snowshoe,commercial
SSK,"SKYSTAR INTERNATIONAL, INC. (WASHINGTON, NJ)",UNITED STATES,Skystar,commercial
SSX,"LYNX AVIATION, INC. (WESTMINSTER, CO)",UNITED STATES,Shasta,commercial
STG,"SEDALIA, MARSHALL, BOONVILLE STAGE LINE, INC. (DES MOINES, IA)",UNITED STATES,Stage,commercial
STT,"WESTERN AIRCRAFT, INC.",UNITED STATES,Sawtooth,commercial
STV,SATURN AVIATION,UNITED STATES,Saturn,commercial
STY,"ALTIUS AVIATION, LLC (SYRACUSE, NY)",UNITED STATES,Altair,commercial
SUB,"SUBURBAN AIR FREIGHT, INC. (OMAHA, NE)",UNITED STATES,Sub Air,cargo
SUP,AERONAUTICAL CHARTERS INC.,UNITED STATES,Sun Speed,commercial
SUU,"STAR WEST AVIATION (EVANSTON, WY)",UNITED STATES,Sunstar,commercial
SVL,"ALANTE AIR CHARTER, LLC",UNITED STATES,Sun Devil,commercial
SVX,"SECURITY AVIATION, INC. (ANCHORAGE, AK)",UNITED STATES,Security Air,commercial
SWA,"SOUTHWEST AIRLINES CO. (SAN ANTONIO, TX)",UNITED STATES,Southwest,commercial
SWB,"CASS PROFESSIONAL SERVICES, CORP.",UNITED STATES,Swift Bird,commercial
SWD,"TRIFLY, LLC (MINNEAPOLIS, MN)",UNITED STATES,Sawblade,commercial
SWI,"SUNWORLD INTERNATIONAL AIRWAYS, INC. (LAS VEGAS, NV)",UNITED STATES,Sunworld,commercial
SWQ,IAERO AIRWAYS DBA SWIFT AIR LLC,UNITED STATES,Swiftflight,commercial
SWS,"LINDQUIST INVESTMENT CO., LTD. D/B/A SUNWEST AVIATION (OGDEN, UT)",UNITED STATES,Sunny West,commercial
SXA,"SOUTHERN CROSS AVIATION, INC. (CAMARILLO, CA)",UNITED STATES,Ferry,commercial
SXF,"SOUTHERN CROSS AVIATION INC., LLC",UNITED STATES,Southern Flight,commercial
SXL,"CORNERSTONE AVIATION, LLC. D/B/A SKYLINE FLIGHT (STOW, MA)",UNITED STATES,Sonic,commercial
SXZ,"GREAT CIRCLE AVIATION, LLC (SAN MARCOS, CA)",UNITED STATES,Socalair,commercial
SYC,"SYSTEC 2000, INC (WATERFORD, MI)",UNITED STATES,Systec,commercial
SYF,"SKY ONE EXPRESS AIRLINES INC. (REISTERTOWN, MD)",UNITED STATES,Sky First,commercial
SYK,"J AND A PROPERTIES D/B/A SATSAIR, INC. (GREENVILLE, SC)",UNITED STATES,Aerocab,commercial
SYV,"SPECIAL AVIATION SYSTEMS, INC. (LEIPSIC, OH)",UNITED STATES,Special System,commercial
SYX,"SOUTH AERO, INC.",UNITED STATES,Skyvan,commercial
TBI,"TAB EXPRESS INTERNATIONAL (DELAND, FL)",UNITED STATES,Tab International,commercial
TBL,TERRIBLE HERBST INC.,UNITED STATES,Terribles,commercial
TBO,"RWS AVIATION, LLC",UNITED STATES,Cartillion,commercial
TCE,"TRANS-COLORADO AIRLINES, INC. (GUNNISON, CO)",UNITED STATES,Trans-colorado,commercial
TCF,FLORIDA INSTITUTE OF TECHNOLOGY,UNITED STATES,Tech Flight,commercial
TCL,"ESCAPE AVIATION D/B/A COASTAL AIR TRANSPORT (FAIRHOPE, AL)",UNITED STATES,Trans Coastal,commercial
TCM,"TELEDYNE CONTINENTAL MOTORS (MUSKEGON, MI)",UNITED STATES,Teledyn,commercial
TCN,"JEM AIR HOLDINGS, LLC",UNITED STATES,Transcon,commercial
TCY,"TWIN CITIES AIR SERVICE, INC. (AUBURN, ME)",UNITED STATES,Twin City,commercial
TDA,"TREND AVIATION, LLC (ORLANDO, FL)",UNITED STATES,Trend Air,commercial
TDB,"WELCH AVIATION, INC. (ALPENA, MI)",UNITED STATES,Thunder Bay,commercial
TDE,"TELAVIA D/B/A FLIGHT ONE, INC. (TELLURIDE, CO)",UNITED STATES,Telluride,commercial
TDG,"AIR CARGO EXPRESS, INC. (LITTLE ROCK, AR)",UNITED STATES,Turbo Dog,cargo
TEC,"ADI SHUTTLE GROUP, LLC (MATHER, CA)",UNITED STATES,Techjet,commercial
TEK,AERO-TECH SERVICES,UNITED STATES,Atech,commercial
TEL,"TELFORD AVIATION, INC. (WATERVILLE, ME)",UNITED STATES,Telford,commercial
TEN,"TENNESSEE AIRWAYS (ALCOA, TN)",UNITED STATES,Tennessee,commercial
TER,"TERRITORIAL AIRLINES, INC. (SANTA FE, NM)",UNITED STATES,Terri-aire,commercial
TEX,FREEDOM JETS,UNITED STATES,Big Tex,commercial
TFA,"TRANS-FLORIDA AIRLINES (DAYTONA BEACH, FL)",UNITED STATES,Trans Florida,commercial
TFF,"TALON AIR, INC. (FARMINGDALE, NY)",UNITED STATES,Talon Flight,commercial
TIA,TRANS INTERNATIONAL AIRLINES,UNITED STATES,Trans International,commercial
TIP,"C AND M AVIATION (BUTTE, MT)",UNITED STATES,Transpac,commercial
TIV,"CORPORATE FLIGHT INTERNATIONAL, DBA THRIVE AVIATION",UNITED STATES,Thrive,commercial
TJA,TAPJETS INC,UNITED STATES,Tapjets,commercial
TKH,"MATER LOGISTICS, LLC",UNITED STATES,Trackhouse,cargo
TKK,"AERO WAYS, INC. (NEW CASTLE, DE)",UNITED STATES,Tarka,commercial
TKM,"JM FAMILY AVIATION (FT. LAUDERDALE, FL)",UNITED STATES,Tacoma,commercial
TLC,"CARIBBEAN EXPRESS, INC. (MIAMI SPRINGS, FL)",UNITED STATES,Carib-x,commercial
TLS,"TLC AIR, INC. (CARROLTON, TX)",UNITED STATES,Tealsy,commercial
TLX,"TELESIS TRANSAIR, INC. (DALLAS, TX)",UNITED STATES,Telesis,commercial
TMB,"VOLATO, INC",UNITED STATES,Tombo,commercial
TMC,"TRAVEL MANAGEMENT COMPANY LTD (ELKHART, IN)",UNITED STATES,Trail Blazer,commercial
TMK,"TOMAHAWK AIRWAYS, INC. (ALCOA, TN)",UNITED STATES,Tomahawk,commercial
TMM,"TRAFFIC MANAGEMENT CORPORATION (TMC) AIRLINES (YPSILANTI, MI)",UNITED STATES,Willow Run,commercial
TMP,"CENTENE MANAGEMENT COMPANY, LLC",UNITED STATES,Tempus,commercial
TMS,"TEMSCO HELICOPTERS, INC. (KETCHIKAN, AK)",UNITED STATES,Temsco,rotorcraft
TNI,"SCHWAN'S SHARED SERVICES LLC (MARSHALL, MN)",UNITED STATES,Inca,commercial
TNK,"AIRMAX AIRLINES, INC. (WAYZATA, MN)",UNITED STATES,Tonka Air,commercial
TNR,"TANANA AIR SERVICES (TANANA, AK)",UNITED STATES,Tan Air,commercial
TNV,"TRANSNORTHERN, LLC (ANCHORAGE, AK)",UNITED STATES,Transnorthern,commercial
TNY,"TWIN AIR CALYPSO LIMITED, INC. (FORT LAUDERDALE, FL)",UNITED STATES,Twincal,commercial
TOG,"PARAGON AVIATION LOGISTICS, INC. DBA CSM AVIATION",UNITED STATES,Tioga,cargo
TPJ,"TEMPUS JETS, INC. (MAPLE, NC)",UNITED STATES,Tempus Jets,commercial
TQN,"TAQUAN AIR SERVICES, INC. (KETCHIKAN, AK)",UNITED STATES,Taquan,commercial
TRC,"TRANS AIR CHARTER, INC. (FULLERTON, CA)",UNITED STATES,Tracker,commercial
TRF,THRUST FLIGHT,UNITED STATES,Thrust,commercial
TRO,"TROPIC AIRLINES-AIR MOLOKAI(HONOLULU, HI)",UNITED STATES,Molokai,commercial
TRP,"MARYLAND STATE POLICE (PIKESVILLE, MD)",UNITED STATES,Trooper,commercial
TRS,"AIRTRAN AIRWAYS, INC. (ORLANDO, FL)",UNITED STATES,Citrus,commercial
TRW,"TRANSWESTERN AIRLINES OF UTAH (LOGAN, UT)",UNITED STATES,Trans-west,commercial
TRY,"TRISTAR AIRLINES, INC. (LAS VEGAS, NV)",UNITED STATES,Tristar Air,commercial
TRZ,"TRANSMERIDIAN AIRLINES (HOUSTON, TX)",UNITED STATES,Trans-meridian,commercial
TSS,"TRI-STATE AERO, INC. (EVANSVILLE, IL)",UNITED STATES,Tri-state,commercial
TSU,"GULF & CARIBBEAN CARGO, INC. (WATERFORD, MI)",UNITED STATES,Transauto,cargo
TTE,"AVCENTER, INC. (POCATELLO, ID)",UNITED STATES,Teton,commercial
TTX,"EXTRAORDIN AIR AVIATION AND CHARTER (HOUSTON, TX)",UNITED STATES,Twister,commercial
TUD,PAKLOOK AIR SERVICES DBA: YUTE COMMUTER SERVICES,UNITED STATES,Tundra,commercial
TVA,TRANS AMERICA AIRLINES INC.,UNITED STATES,Trans-america,commercial
TVD,"AEROFLIGHT ACADEMY OF AVIATION, INC. (SEATTLE, WA)",UNITED STATES,Aeroflight,commercial
TWY,"SUNSET AVIATION, LLC (PETALUMA, CA)",UNITED STATES,Twilight,commercial
TXA,DEER HORN AVIATION LTD CO,UNITED STATES,Texair,commercial
TXG,7 AIR LLC.,UNITED STATES,Cargo Box,commercial
TXN,"TEXAS NATIONAL AIRLINES (SAN ANTONIO, TX)",UNITED STATES,Texas National,commercial
TXT,"GROUP ONE, INC. D/B/A TEXAS AIR CHARTERS (DENTON, TX)",UNITED STATES,Texas Charter,commercial
TXX,"AUSTIN EXPRESS, INC. (AUSTIN, TX)",UNITED STATES,Cowboy,commercial
UAL,"UNITED AIRLINES, INC. (CHICAGO, IL)",UNITED STATES,United,commercial
UCA,"COMMUTAIR (PLATTSBURGH, NY)",UNITED STATES,Commutair,commercial
UCH,"US AIRPORTS AIR CHARTER (ROCHESTER, NY)",UNITED STATES,Charter,commercial
UCM,"UNIVERSITY OF CENTRAL MISSOURI (WARRENSBURG, MO)",UNITED STATES,Mule-flight,commercial
UCS,"UNITED CARRIERS SYSTEMS, INC. (GAHANNA, OH)",UNITED STATES,United Carriers,commercial
UDG,TEAM125,UNITED STATES,Underdog,commercial
UEJ,"UNITED EXECUTIVE JET, INC. D/B/A JETCORP (CHESTERFIELD, MO)",UNITED STATES,Jetcorp,business
UFS,"UFS, INC. (ST.LOUIS, MO)",UNITED STATES,Feeder Flight,commercial
UGL,"INTER-ISLAND AIR, INC. (KAHULUI, HI)",UNITED STATES,Ugly Van,commercial
UJC,"ULTIMATE JETCHARTERS, INC. (NORTH CANTON, OH)",UNITED STATES,Ultimate,business
ULA,"ULTRAAIR, LLC (OMAHA, NE)",UNITED STATES,Ultrajet,commercial
ULT,"ULTRAIR, INC. (SMYRNA, TN)",UNITED STATES,Ultrair,commercial
UNF,"UNION FLIGHTS (SACRAMENTO, CA)",UNITED STATES,Union Flights,commercial
UPS,"UNITED PARCEL SERVICE COMPANY, (LOUISVILLE, KY)",UNITED STATES,U P S,cargo
URF,"SURF AIR (SANTA MONICA, CA)",UNITED STATES,Surfair,commercial
USC,AIRNET II,UNITED STATES,Star Check,commercial
USH,"U.S. HELICOPTER CORP. (STRATFORD, CT)",UNITED STATES,Us-heli,rotorcraft
USJ,"U S JET, INC. (WASHINGTON, DC)",UNITED STATES,Usjet,commercial
USR,"US ARMY AERONAUTICAL SERVICES AGENCY (FT. BELVOIR, VA)",UNITED STATES,Army,military
UVA,"UNIVERSAL AIRWAYS, INC.",UNITED STATES,Universal,commercial
UWA,"UNITED WEST AIRLINES, INC. (STUART, FL)",UNITED STATES,Grumpy,commercial
UWD,SKYWARD AVIATION,UNITED STATES,Upward,commercial
VAR,"WESTWIND SCHOOL OF AERONAUTICS, PHOENIX, LLC, DBA UNITED AVIATE ACADEMY",UNITED STATES,Varney,commercial
VCM,"VOLARE AIR CHARTER COMPANY (EL PASO, TX)",UNITED STATES,Carmen,commercial
VCT,"VISCOUNT AIR SERVICE, INC. (TUCSON, AZ)",UNITED STATES,Viscount Air,commercial
VES,"VIEQUES AIR LINK, INC. (VIEQUES, PR)",UNITED STATES,Vieques,commercial
VET,"VENTURE AVIATION GROUP, LLC (GREENVILLE, SC)",UNITED STATES,Poinsett Air,commercial
VFS,VISION FLIGHT CENTER,UNITED STATES,Vision Flight,commercial
VGX,"VIRGIN GALACTIC, LLC (GILBERT, AZ)",UNITED STATES,Galactic,commercial
VHC,"VIH COUGAR HELICOPTERS, INC. (BELLINGHAM, WA)",UNITED STATES,Wildcat,rotorcraft
VHT,"CORPORATE FLIGHT INTERNATIONAL, INC. (LAS VEGAS, NV)",UNITED STATES,Vegas Heat,commercial
VJA,JETSELECT DBA VISTA AMERICA,UNITED STATES,Vista Am,commercial
VKY,"VENT AIRLINES, INC. (SAN ANTONIO, TX)",UNITED STATES,Valkyrie,commercial
VLX,"BIZ JET CHARTER, INC. (LAS VEGAS, NV)",UNITED STATES,Avolar,business
VLY,TENNESSEE VALLEY AUTHORITY (TVA),UNITED STATES,Valley,commercial
VMA,"VERO MONMOUTH AIRLINES (VERO BEACH, FL)",UNITED STATES,Vero Monmouth,commercial
VNR,"AVANTAIR, INC. (CLEARWATER, FL)",UNITED STATES,Avantair,commercial
VNT,VENTURA AIR SERVICES,UNITED STATES,Ventura,commercial
VNX,"FLY ADVANCE (BLUE BELL, PA)",UNITED STATES,Vance,commercial
VPP,"VINTAGE PROPS AND JETS, INC. (NEW SMYRNA BEACH, FL)",UNITED STATES,Vintage,commercial
VRD,"VIRGIN AMERICA, INC. (BURLINGAME, CA)",UNITED STATES,Redwood,commercial
VSS,"VIRGIN ISLANDS SEAPLANE SHUTTLE, INC.(ST.CROIX, VI)",UNITED STATES,Waterbird,commercial
VTE,"CORPORATE FLIGHT MANAGEMENT (SMYRNA, TN)",UNITED STATES,Volunteer,business
VTS,"TATONDUK OUTFITTERS LTD D/B/A EVERTS AIR ALASKA / EVERTS AIR CARGO (FAIRBANKS, AK)",UNITED STATES,Everts,cargo
VUS,RAVN AEROSPACE,UNITED STATES,Harbinger,commercial
VWA,VENTURE WEST LLC,UNITED STATES,Venture West,commercial
VXP,TEM ENTERPRISES D\B\A AVELO AIRLINES,UNITED STATES,Avelo,commercial
VYR,"EXECUTIVE AVIATION SERVICES, LLC",UNITED STATES,Veyron,commercial
WAB,"AERO INDUSTRIES, INC. (RICHMOND, VA)",UNITED STATES,Wabash,commercial
WAE,"WESTERN AIR EXPRESS (BOISE, ID)",UNITED STATES,Western Express,commercial
WAF,AIR FLAMENCO,UNITED STATES,Flamenco,commercial
WAI,"WINGS AIR (LAWRENCEVILLE, GA)",UNITED STATES,Bushwood,commercial
WAL,"CARIBBEAN SUN AIRLINES, INC. D/B/A WORLD ATLANTIC AIRLINES (MIAMI, FL)",UNITED STATES,Doral,commercial
WAV,"WARBELOWS AIR VENTURES (FAIRBANKS, AK)",UNITED STATES,Warbelow,commercial
WAW,"WINGS AIRWAYS (BLUE BELL, PA)",UNITED STATES,Wing Shuttle,commercial
WBC,FTV AVIATION,UNITED STATES,Wabac,commercial
WCC,"WEST COAST CHARTERS (SANTA ANA, CA)",UNITED STATES,West Coast,commercial
WCO,"COLUMBIA HELICOPTERS, INC. (LAKE CHARLES, LA)",UNITED STATES,Columbia Heli,rotorcraft
WCP,"AVIATOR COLLEGE OF AERONAUTICAL SCIENCE AND TECHNOLOGY (FORT PIERCE, FL)",UNITED STATES,Whitecap,commercial
WCY,"VIKING EXPRESS, INC. (WEST CHICAGO, IL)",UNITED STATES,Titan Air,commercial
WDE,PALLAS AVIATION,UNITED STATES,Sandstone,commercial
WDR,"JETRIDE, INC. D/B/A AIR NET PRIVATE CHARTER (COLUMBUS, OH)",UNITED STATES,Wind Rider,commercial
WDS,"FOUR WINDS AVIATION LTD. (COLORADO SPRINGS, CO)",UNITED STATES,Winds,commercial
WDW,"ACT TWO, INC.",UNITED STATES,Woodward,commercial
WDY,"CHICAGO JET GROUP, LLC (SUGAR GROVE, IL)",UNITED STATES,Windy City,commercial
WEJ,"WEJET, INC.",UNITED STATES,We Jet,commercial
WES,"RAINBOW INTERNATIONAL AIRLINES, INC. (ST. THOMAS, US VI)",UNITED STATES,West Indian,commercial
WGN,"WESTERN GLOBAL AIRLINES, LLC (ESTERO, FL)",UNITED STATES,Western Global,commercial
WHR,"HUMMINGBIRD AVIATION, LLC (HAMMOND, LA)",UNITED STATES,Tangi,commercial
WIG,"WIGGINS AIRWAYS (NORWOOD, MA)",UNITED STATES,Wiggins Airways,cargo
WIL,"AERO AIR, LLC (HILLSBORO, OR)",UNITED STATES,Willamette,commercial
WIS,"PRO-AIRE CARGO AND CONSULTING, INC. D/B/A PACCAIR (NEENAH, WI)",UNITED STATES,Wiscair,cargo
WJM,"WINDSOR JET MANAGEMENT (FORT LAUDERDALE, FL)",UNITED STATES,Windsor Jet,business
WLS,"WILLIAMS AIR, INC. (MEDFORD LAKES, NJ)",UNITED STATES,Williams Air,commercial
WLT,"AVIATION PARTNERS, INC.",UNITED STATES,Winglet,commercial
WLV,"PHELPS COLLINS AVIATION D/B/A AVIATION NORTH (ALPENA, MI)",UNITED STATES,Wolverine,commercial
WMA,"WATERMAKERS AIR (FT. LAUDERDALE, FL)",UNITED STATES,Watermakers,commercial
WML,"CHANTILLY AIR, INC. (MANASSAS, VA)",UNITED STATES,Marlin,commercial
WMN,"TRIDENT AIRCRAFT, INC",UNITED STATES,Waterman,commercial
WMU,WESTERN MICHIGAN UNIVERSITY COLLEGE OF AVIATION,UNITED STATES,Skybronco,commercial
WNA,"WINAIR, INC. (SALT LAKE CITY, UT)",UNITED STATES,Winair,commercial
WND,LARRY CONNOR,UNITED STATES,Windancer,commercial
WNE,JACKSON FAMILY WINES,UNITED STATES,Crush,commercial
WOA,WORLD AIRWAYS INC.,UNITED STATES,World,commercial
WRF,"WRIGHT AIR SERVICE, INC. (FAIRBANKS, AK)",UNITED STATES,Wright Flyer,commercial
WRR,"WRA, INC. (MORRISVILLE, NC)",UNITED STATES,Wrap Air,commercial
WRT,"WRIGHT AIR LINES, INC. (CLEVELAND, OH)",UNITED STATES,Wright-air,commercial
WSI,"WIND SPIRIT AIR, INC. (DETROIT, MI)",UNITED STATES,Wind Spirit,commercial
WSM,"WISMAN AVIATION (FT. WAYNE, IN)",UNITED STATES,Wisman,commercial
WSN,"ADVANCED AIR, LLC",UNITED STATES,Wingspan,commercial
WSP,VERIJET,UNITED STATES,Whisper Jet,commercial
WTV,"WESTERN AVIATORS (GRAND JUNCTION, CO)",UNITED STATES,Westavia,commercial
WUP,WHEELS UP PRIVATE JETS,UNITED STATES,Up Jet,commercial
WVA,"HAND D AVIATION (TERRE HAUTE, IN)",UNITED STATES,Wabash Valley,commercial
WVE,"CIMEX ENVIRONMENTAL, LLC",UNITED STATES,Clear Wave,commercial
WVU,FELIX AIR INC,UNITED STATES,Country Roads,commercial
WWF,OWYHEE AIR RESEARCH LLC,UNITED STATES,Wild Watch,commercial
WWI,"WORLDWIDE JET CHARTER (SCOTTSDALE, AZ)",UNITED STATES,Worldwide,business
WXX,SLING PILOT ACADEMY,UNITED STATES,Whisper Flight,commercial
WYF,"WAYFARER AVIATION, INC. (WEYMOUTH, MA)",UNITED STATES,Wayfarer,commercial
WYG,"WYOMING AIRLINES LTD. (DENVER, CO)",UNITED STATES,Wyoming,commercial
WYM,"M&N AVIATION (CAROLINA, PR)",UNITED STATES,World Class,commercial
WZM,WALTZING MATILDA AVIATION,UNITED STATES,Matilda,commercial
XAA,"AERONAUTICAL RADIO, INC. (ARINC)",UNITED STATES,Rockfish,commercial
XAM,"AMR SERVICES CORP (DALLAS, TX)",UNITED STATES,Alliance,commercial
XAP,"DIRECT AIR, INC. D/B/A/ MIDWAY CONNECTION (GARY, IN)",UNITED STATES,Mid-town,commercial
XCN,"U.S FOREST SERVICE (OGDEN, UT)",UNITED STATES,Fire Scan,commercial
XEN,"THRO AVIATION, INC.",UNITED STATES,Zen Jet,commercial
XER,XEROX CORPORATION,UNITED STATES,Xerox,commercial
XFL,"EXECUTIVE FLITEWAYS, INC (RONKONKOMA, NY)",UNITED STATES,Ex-flight,commercial
XGN,"NEXGEN FLIGHT SOLUTIONS, LLC",UNITED STATES,Nexgen,commercial
XLJ,XCEL JET,UNITED STATES,Xcel Jet,commercial
XLS,"EXCELAIRE (RONKONKOMA, NY)",UNITED STATES,Excelaire,commercial
XMI,SKYBLUE JET MANAGEMENT LLC,UNITED STATES,Zemi,business
XOJ,XOJET AVIATION LLC,UNITED STATES,Exojet,business
XSK,"STARK AIRWAYS, LLC",UNITED STATES,Stark Air,commercial
XSM,STEELMAN AVIATION INC,UNITED STATES,Airsmart,commercial
XSN,"MCLEAN AVIATION SERVICES, INC.",UNITED STATES,Santana,commercial
XSR,"EXECUTIVE FLIGHT SERVICES, LLC",UNITED STATES,Airshare,commercial
XYZ,"ISLAND AIR EXPRESS (FRIDAY HARBOR, WA)",UNITED STATES,Rainbird,commercial
YEL,"SUMMIT AVIATION, INC",UNITED STATES,Yellowstone,commercial
YOG,"CENTRAL AVIATION, INC. (CHICAGO, IL)",UNITED STATES,Yogan Air,commercial
ABW,AIRBRIDGE CARGO AIRLINES LTD,RUSSIAN FEDERATION,Airbridge Cargo,cargo
ACA,AIR CANADA,CANADA,Air Canada,commercial
AFR,AIR FRANCE,FRANCE,Airfrans,commercial
ANA,"ALL NIPPON AIRWAYS CO., LTD.",JAPAN,All Nippon,commercial
BAW,BRITISH AIRWAYS,UNITED KINGDOM,Speedbird,commercial
CLX,CARGOLUX AIRLINES INTERNATIONAL S.A.,LUXEMBOURG,Cargolux,cargo
DLH,"DEUTSCHE LUFTHANSA, AG, KOELN",GERMANY,Lufthansa,commercial
ELY,EL AL - ISRAEL AIRLINES LTD.,ISRAEL,El Al,commercial
FIN,FINNAIR OYJ,FINLAND,Finnair,commercial
IBE,"IBERIA - LINEAS AEREAS DE ESPANA, SOCIEDAD ANONIMA OPERADORA",SPAIN,Iberia,commercial
JAL,"JAPAN AIRLINES CO., LTD",JAPAN,Japanair,commercial
KLM,KLM ROYAL DUTCH AIRLINES,NETHERLANDS,K L M,commercial
LAN,LINEA AEREA NACIONAL DE CHILE (LAN),CHILE,Lan Chile,commercial
QFA,QANTAS AIRWAYS LIMITED,AUSTRALIA,Qantas,commercial
QTR,QATAR AIRWAYS GROUP Q.C.S.C.,QATAR,Qatari,commercial
SAS,SCANDINAVIAN AIRLINES SYSTEM,SWEDEN,Scandinavian,commercial
SIA,SINGAPORE AIRLINES LIMITED,SINGAPORE,Singapore,commercial
UAE,EMIRATES,UNITED ARAB EMIRATES,Emirates,commercial
VIR,VIRGIN ATLANTIC,UNITED KINGDOM,Virgin,commercial
