icao,operator_class,adsb_count,weight
N,ga,570139,570139.0
SWA,commercial,113590,113590.0
AAL,commercial,86715,86715.0
DAL,commercial,86287,86287.0
SKW,commercial,63672,63672.0
UAL,commercial,61360,61360.0
JBU,commercial,27164,27164.0
RPA,commercial,27106,27106.0
EJA,business,25036,25036.0
NKS,commercial,22246,22246.0
ENY,commercial,20964,20964.0
ASA,commercial,20662,20662.0
EDV,commercial,19269,19269.0
JIA,commercial,16073,16073.0
FFT,commercial,14113,14113.0
FDX,cargo,13829,13829.0
UPS,cargo,13537,13537.0
QXE,commercial,8454,8454.0
ASH,commercial,8426,8426.0
LXJ,business,8048,8048.0
AAY,commercial,7348,7348.0
PDT,commercial,6368,6368.0
AWI,commercial,6039,6039.0
UCA,commercial,4918,4918.0
KAP,commercial,4772,4772.0
GJS,commercial,4279,4279.0
ERU,commercial,4114,4114.0
GAJ,commercial,4079,4079.0
CAP,ga,3880,3880.0
ACA,commercial,3302,3302.0
SCX,commercial,3200,3200.0
CNS,commercial,3115,3115.0
GTI,cargo,2941,2941.0
JSX,commercial,2871,2871.0
VAR,commercial,2824,2824.0
JRE,commercial,2764,2764.0
ATN,cargo,2658,2658.0
EJM,business,2572,2572.0
AMF,commercial,2543,2543.0
ASI,commercial,2375,2375.0
SCU,commercial,2351,2351.0
BAW,commercial,2291,2291.0
LFA,commercial,2186,2186.0
FDY,commercial,2124,2124.0
LTA,commercial,2083,2083.0
EPI,commercial,2074,2074.0
WMU,commercial,1865,1865.0
NDU,commercial,1811,1811.0
HAL,commercial,1691,1691.0
TRF,commercial,1653,1653.0
DLH,commercial,1604,1604.0
CFS,cargo,1534,1534.0
LBQ,commercial,1492,1492.0
LYM,commercial,1492,1492.0
JTL,commercial,1466,1466.0
TWY,commercial,1462,1462.0
AFR,commercial,1455,1455.0
FTH,commercial,1447,1447.0
SWQ,commercial,1372,1372.0
VTE,business,1325,1325.0
ABX,cargo,1290,1290.0
GPD,commercial,1271,1271.0
PCM,commercial,1248,1248.0
SCA,commercial,1221,1221.0
OUA,commercial,1188,1188.0
AER,commercial,1176,1176.0
VIR,commercial,1176,1176.0
XOJ,business,1104,1104.0
QTR,commercial,1081,1081.0
WCP,commercial,1074,1074.0
SIL,commercial,1068,1068.0
REH,medevac,1060,1060.0
PHM,commercial,1059,1059.0
XSR,commercial,1053,1053.0
BTQ,commercial,1049,1049.0
VXP,commercial,1027,1027.0
PAT,business,1019,1019.0
JTZ,commercial,1017,1017.0
RVF,commercial,1007,1007.0
MXY,commercial,1003,1003.0
EDG,commercial,987,987.0
DCM,commercial,945,945.0
AVL,commercial,924,924.0
SKQ,commercial,906,906.0
CKS,cargo,896,896.0
MTN,cargo,872,872.0
WIG,cargo,851,851.0
BVN,commercial,831,831.0
OSU,commercial,814,814.0
UAE,commercial,810,810.0
WSN,commercial,769,769.0
AJT,commercial,746,746.0
JIT,commercial,733,733.0
KLM,commercial,732,732.0
FFL,commercial,727,727.0
AIP,commercial,684,684.0
ANA,commercial,684,684.0
FRG,cargo,662,662.0
RTY,commercial,656,656.0
BMJ,commercial,644,644.0
KEN,commercial,611,611.0
JAL,commercial,604,604.0
OST,commercial,595,595.0
IRO,commercial,594,594.0
SLH,commercial,583,583.0
LAK,commercial,576,576.0
NAC,cargo,576,576.0
IBE,commercial,576,576.0
MRA,commercial,572,572.0
BKN,commercial,571,571.0
RAX,cargo,556,556.0
SAS,commercial,555,555.0
CTL,commercial,536,536.0
PAC,cargo,526,526.0
SJN,commercial,511,511.0
CLX,cargo,489,489.0
NJM,business,474,474.0
SIA,commercial,468,468.0
CMD,commercial,460,460.0
CPT,commercial,460,460.0
ERH,rotorcraft,443,443.0
KII,commercial,443,443.0
ILU,commercial,438,438.0
BYA,commercial,434,434.0
COL,commercial,420,420.0
USC,commercial,417,417.0
SNC,cargo,416,416.0
MTU,commercial,413,413.0
MVK,commercial,412,412.0
OKC,commercial,407,407.0
JLG,cargo,406,406.0
WIS,cargo,402,402.0
KFS,commercial,397,397.0
MVP,commercial,389,389.0
BYF,commercial,385,385.0
SVL,commercial,384,384.0
CSI,commercial,372,372.0
BXR,commercial,370,370.0
OZT,commercial,370,370.0
TRP,commercial,362,362.0
QFA,commercial,362,362.0
TIV,commercial,360,360.0
BOE,commercial,351,351.0
KPO,commercial,347,347.0
DSU,commercial,344,344.0
LJY,commercial,342,342.0
XSM,commercial,338,338.0
CSJ,commercial,327,327.0
HPJ,commercial,327,327.0
CYO,commercial,318,318.0
JAS,commercial,317,317.0
PGN,commercial,315,315.0
ROK,commercial,313,313.0
TMB,commercial,309,309.0
PXT,commercial,308,308.0
PJC,commercial,298,298.0
FLC,commercial,297,297.0
GTX,commercial,290,290.0
FDL,commercial,287,287.0
ELY,commercial,287,287.0
SCM,commercial,284,284.0
EMD,commercial,280,280.0
GXA,commercial,276,276.0
RVJ,commercial,274,274.0
ERY,commercial,268,268.0
HGT,commercial,265,265.0
TFF,commercial,265,265.0
FIN,commercial,259,259.0
GLT,commercial,253,253.0
JUS,commercial,253,253.0
RNI,commercial,253,253.0
WWI,business,253,253.0
TSU,cargo,249,249.0
FSP,commercial,248,248.0
SJA,commercial,248,248.0
TNV,commercial,247,247.0
WCC,commercial,247,247.0
LKF,commercial,246,246.0
NTW,commercial,245,245.0
CNV,military,244,244.0
SVX,commercial,243,243.0
SIS,commercial,241,241.0
RCH,military,237,237.0
LYC,cargo,236,236.0
CWG,commercial,233,233.0
DRL,commercial,229,229.0
XLJ,commercial,227,227.0
XSN,commercial,219,219.0
LAN,commercial,214,214.0
VTS,cargo,213,213.0
SJJ,commercial,211,211.0
SUB,cargo,211,211.0
FWK,commercial,204,204.0
GRY,commercial,200,200.0
RGY,commercial,200,200.0
DKT,commercial,191,191.0
MLN,commercial,191,191.0
PFT,commercial,191,191.0
APC,commercial,189,189.0
IJA,commercial,188,188.0
NGF,commercial,188,188.0
WGN,commercial,187,187.0
PEG,commercial,179,179.0
RDN,commercial,177,177.0
XLS,commercial,177,177.0
CMB,commercial,176,176.0
JCM,commercial,176,176.0
YEL,commercial,176,176.0
FTO,commercial,175,175.0
TEK,commercial,175,175.0
KFB,commercial,171,171.0
DLX,commercial,170,170.0
ECJ,commercial,169,169.0
PXG,commercial,168,168.0
UWD,commercial,164,164.0
OAE,commercial,163,163.0
FTD,commercial,162,162.0
IFL,commercial,162,162.0
NUS,commercial,160,160.0
CRE,commercial,159,159.0
JNY,commercial,159,159.0
JKR,commercial,158,158.0
SDU,commercial,158,158.0
PDU,commercial,157,157.0
CSB,commercial,153,153.0
NCR,cargo,153,153.0
WMN,commercial,151,151.0
JCY,commercial,150,150.0
RLJ,commercial,149,149.0
DZR,commercial,145,145.0
GLF,commercial,145,145.0
JRT,commercial,140,140.0
WAE,commercial,139,139.0
CTF,commercial,137,137.0
FTN,commercial,135,135.0
DOJ,commercial,134,134.0
RLI,commercial,133,133.0
GKA,commercial,131,131.0
HER,commercial,130,130.0
RYA,commercial,129,129.0
BLU,commercial,128,128.0
WAL,commercial,128,128.0
AHF,rotorcraft,125,125.0
NEW,commercial,125,125.0
UJC,business,125,125.0
DJR,commercial,124,124.0
HPK,commercial,123,123.0
DOW,commercial,121,121.0
PRE,commercial,121,121.0
KSU,commercial,119,119.0
AJI,business,118,118.0
CSQ,commercial,118,118.0
PWA,commercial,115,115.0
CON,commercial,113,113.0
PRY,commercial,112,112.0
GJE,commercial,111,111.0
ACO,commercial,110,110.0
TEX,commercial,109,109.0
CTE,commercial,108,108.0
ENK,commercial,106,106.0
NFX,commercial,103,103.0
NSH,commercial,103,103.0
STY,commercial,102,102.0
DHR,commercial,99,99.0
EGC,commercial,98,98.0
SJE,commercial,98,98.0
KYE,commercial,97,97.0
PRD,commercial,96,96.0
BLK,commercial,94,94.0
GTW,commercial,92,92.0
CTA,commercial,91,91.0
ELZ,commercial,91,91.0
STT,commercial,91,91.0
FSR,commercial,90,90.0
MVJ,commercial,88,88.0
NCJ,commercial,87,87.0
SFY,commercial,86,86.0
MAD,commercial,85,85.0
MWT,commercial,85,85.0
WML,commercial,83,83.0
XEN,commercial,83,83.0
VET,commercial,82,82.0
CYT,commercial,81,81.0
OLV,commercial,81,81.0
PVO,commercial,81,81.0
MMY,commercial,80,80.0
XAA,commercial,80,80.0
STV,commercial,76,76.0
HOB,commercial,75,75.0
MJS,commercial,75,75.0
KOW,commercial,74,74.0
NKT,commercial,74,74.0
CVR,commercial,73,73.0
PKW,commercial,73,73.0
UCM,commercial,72,72.0
MAK,commercial,70,70.0
ULA,commercial,68,68.0
WDY,commercial,68,68.0
BKA,commercial,67,67.0
PHJ,commercial,67,67.0
CST,commercial,64,64.0
CAK,commercial,63,63.0
CHR,commercial,63,63.0
TKM,commercial,61,61.0
ARZ,commercial,60,60.0
KSF,commercial,60,60.0
AZY,commercial,59,59.0
RJE,business,59,59.0
RSP,commercial,59,59.0
XGN,commercial,59,59.0
FWR,commercial,58,58.0
KAI,commercial,58,58.0
NWF,commercial,58,58.0
CBN,commercial,57,57.0
GDG,commercial,57,57.0
MMN,commercial,57,57.0
FTK,commercial,56,56.0
RKK,commercial,55,55.0
WMA,commercial,55,55.0
BOG,commercial,54,54.0
TKK,commercial,51,51.0
JSL,commercial,50,50.0
LRT,business,50,50.0
IFG,commercial,49,49.0
CME,commercial,48,48.0
JTM,commercial,48,48.0
BTZ,commercial,47,47.0
CCQ,commercial,47,47.0
LFG,commercial,47,47.0
VYR,commercial,47,47.0
KCR,commercial,46,46.0
CMF,commercial,45,45.0
SIY,commercial,44,44.0
GRP,commercial,43,43.0
NJZ,commercial,43,43.0
SPA,commercial,43,43.0
AXQ,commercial,42,42.0
FDJ,commercial,42,42.0
NIT,commercial,42,42.0
SAM,military,42,42.0
SUP,commercial,42,42.0
MGE,commercial,40,40.0
FFS,commercial,38,38.0
HPN,commercial,38,38.0
RJC,commercial,38,38.0
HRC,commercial,37,37.0
JKA,commercial,37,37.0
SWD,commercial,37,37.0
TBL,commercial,37,37.0
MJR,commercial,36,36.0
HON,commercial,35,35.0
HGE,commercial,34,34.0
JSP,commercial,34,34.0
WSP,commercial,33,33.0
GRB,commercial,32,32.0
RQT,commercial,31,31.0
IDD,commercial,30,30.0
IJW,commercial,30,30.0
OTA,commercial,30,30.0
BGR,commercial,28,28.0
DVY,commercial,27,27.0
MDS,commercial,27,27.0
PLZ,commercial,27,27.0
FJS,commercial,26,26.0
HNW,commercial,26,26.0
EAL,commercial,25,25.0
PVA,commercial,25,25.0
CJE,business,24,24.0
FTP,commercial,24,24.0
OPT,business,24,24.0
OME,commercial,22,22.0
XFL,commercial,22,22.0
RUF,commercial,20,20.0
TTE,commercial,20,20.0
AUD,commercial,19,19.0
FST,commercial,19,19.0
GLH,commercial,19,19.0
SKZ,commercial,19,19.0
COO,commercial,17,17.0
RKS,business,17,17.0
SXL,commercial,17,17.0
MAO,commercial,16,16.0
KWX,commercial,15,15.0
HDM,commercial,14,14.0
IDT,commercial,14,14.0
JPR,commercial,14,14.0
SFE,medevac,14,14.0
TMC,commercial,14,14.0
WDW,commercial,14,14.0
HRF,commercial,12,12.0
AUU,commercial,11,11.0
BKS,commercial,11,11.0
LAC,commercial,11,11.0
RCA,commercial,11,11.0
BKM,commercial,10,10.0
CVF,commercial,10,10.0
LSO,commercial,10,10.0
RAP,rotorcraft,10,10.0
XCN,commercial,10,10.0
FFY,commercial,9,9.0
JPL,commercial,9,9.0
MHF,commercial,9,9.0
MTH,commercial,9,9.0
OMD,commercial,9,9.0
BXX,commercial,8,8.0
CXF,commercial,8,8.0
CYA,commercial,8,8.0
ELX,commercial,8,8.0
QAI,commercial,8,8.0
RDY,commercial,8,8.0
SCN,commercial,8,8.0
SRY,commercial,8,8.0
ARMY,military,7,7.0
DOG,commercial,6,6.0
FGR,commercial,6,6.0
JCT,business,6,6.0
LEX,commercial,6,6.0
SGO,commercial,6,6.0
AAH,cargo,0,5
AAI,commercial,0,5
AAK,commercial,0,5
ACD,commercial,0,5
ACE,commercial,0,5
ACK,commercial,0,5
ACT,commercial,0,5
AGM,commercial,0,5
AIO,military,0,5
AJC,commercial,0,5
AJW,commercial,0,5
ALC,commercial,0,5
ALO,commercial,0,5
AMI,commercial,0,5
AMR,commercial,0,5
APE,commercial,0,5
APH,commercial,0,5
APW,commercial,0,5
ARB,commercial,0,5
ARF,commercial,4,5
ARR,commercial,0,5
ARX,commercial,0,5
ASQ,commercial,0,5
ASZ,commercial,2,5
AXO,commercial,0,5
AYA,commercial,0,5
BAD,commercial,0,5
BAJ,commercial,0,5
BAK,commercial,0,5
BAP,commercial,0,5
BBQ,commercial,0,5
BCH,commercial,0,5
BCK,commercial,0,5
BCU,cargo,0,5
BDG,commercial,0,5
BEN,commercial,0,5
BEZ,commercial,0,5
BFC,commercial,0,5
BGB,commercial,1,5
BGE,commercial,1,5
BHR,commercial,2,5
BIA,commercial,1,5
BIG,commercial,0,5
BIN,commercial,0,5
BIR,commercial,0,5
BIT,commercial,0,5
BJK,commercial,0,5
BJS,business,0,5
BJT,commercial,0,5
BKB,commercial,0,5
BKE,commercial,0,5
BKJ,commercial,0,5
BKR,commercial,0,5
BLE,commercial,0,5
BLH,commercial,0,5
BLR,commercial,0,5
BLY,commercial,0,5
BMP,commercial,0,5
BMT,commercial,0,5
BNA,commercial,0,5
BNC,commercial,0,5
BNS,commercial,0,5
BPX,commercial,0,5
BRG,commercial,2,5
BRN,commercial,0,5
BRR,commercial,0,5
BSK,commercial,3,5
BST,commercial,0,5
BSY,commercial,0,5
BTL,commercial,0,5
BUG,commercial,0,5
BVA,commercial,0,5
BXJ,commercial,0,5
BYG,commercial,0,5
BZY,commercial,0,5
CAB,commercial,0,5
CAC,commercial,0,5
CAM,commercial,0,5
CAS,commercial,0,5
CBC,commercial,0,5
CBD,commercial,0,5
CBH,commercial,0,5
CBT,commercial,0,5
CBZ,commercial,0,5
CCJ,business,0,5
CCK,commercial,0,5
CCP,commercial,0,5
CCY,commercial,0,5
CDL,commercial,0,5
CEA,commercial,0,5
CEP,commercial,0,5
CFR,commercial,0,5
CFT,commercial,0,5
CGA,commercial,0,5
CGG,commercial,0,5
CGO,commercial,0,5
CHA,commercial,0,5
CHE,commercial,0,5
CHK,commercial,0,5
CHN,commercial,0,5
CHQ,commercial,0,5
CHU,commercial,0,5
CHV,commercial,0,5
CIR,commercial,0,5
CIT,commercial,0,5
CJC,commercial,0,5
CJI,commercial,0,5
CJS,commercial,0,5
CJZ,business,0,5
CKA,commercial,0,5
CKE,commercial,0,5
CKR,commercial,0,5
CLE,commercial,0,5
CLK,commercial,0,5
CLR,commercial,0,5
CLY,commercial,0,5
CMI,commercial,0,5
CMN,commercial,0,5
CMT,commercial,0,5
CNG,commercial,0,5
CNL,commercial,0,5
CNR,commercial,0,5
COAST,military,0,5
COM,commercial,0,5
COP,commercial,0,5
COS,commercial,0,5
CPF,ga,0,5
CPL,commercial,0,5
CPO,commercial,0,5
CPX,commercial,0,5
CRO,commercial,0,5
CSD,commercial,0,5
CSK,commercial,0,5
CSL,commercial,0,5
CSO,commercial,0,5
CSP,commercial,0,5
CSX,commercial,0,5
CTP,commercial,0,5
CTT,commercial,0,5
CTY,commercial,0,5
CUJ,business,0,5
CUL,commercial,0,5
CVU,commercial,3,5
CWC,cargo,0,5
CWX,commercial,0,5
CWZ,commercial,0,5
CXK,commercial,0,5
CXS,commercial,0,5
CXT,commercial,0,5
CYC,commercial,0,5
DAA,commercial,0,5
DAZ,commercial,0,5
DBA,commercial,0,5
DBC,commercial,0,5
DDA,commercial,0,5
DEE,commercial,0,5
DFS,commercial,0,5
DGT,commercial,0,5
DHL,cargo,0,5
DIA,commercial,0,5
DOI,commercial,0,5
DOL,commercial,0,5
DOS,commercial,0,5
DPS,commercial,0,5
DRE,commercial,0,5
DRS,commercial,0,5
DSA,commercial,0,5
DWG,commercial,0,5
DWR,commercial,0,5
DYN,commercial,0,5
EAC,commercial,0,5
ECI,commercial,0,5
EFT,commercial,0,5
EGE,commercial,0,5
EGS,commercial,1,5
EHD,commercial,0,5
EIA,commercial,0,5
EJT,commercial,0,5
EKC,commercial,0,5
ELT,commercial,0,5
EME,commercial,0,5
EMJ,commercial,0,5
EMP,commercial,0,5
ENG,commercial,0,5
ENS,commercial,0,5
EPS,commercial,0,5
ERE,commercial,0,5
ETL,commercial,0,5
EVC,commercial,0,5
EXE,commercial,0,5
EXP,commercial,0,5
EYE,commercial,0,5
FAI,commercial,0,5
FAK,commercial,0,5
FAL,commercial,0,5
FAO,commercial,0,5
FAS,cargo,0,5
FAW,commercial,0,5
FAX,commercial,0,5
FAZ,commercial,0,5
FBN,commercial,0,5
FCE,commercial,0,5
FCJ,commercial,0,5
FCL,commercial,0,5
FDM,commercial,0,5
FET,cargo,0,5
FFP,commercial,0,5
FIK,commercial,0,5
FKS,commercial,0,5
FLH,commercial,0,5
FLX,business,0,5
FMR,commercial,0,5
FPC,commercial,0,5
FRD,commercial,0,5
FRE,commercial,0,5
FRV,commercial,3,5
FRW,commercial,0,5
FSA,commercial,0,5
FSC,commercial,0,5
FSX,commercial,0,5
FTA,commercial,0,5
FTT,commercial,0,5
FVA,commercial,0,5
FWD,commercial,0,5
FWL,commercial,0,5
FXC,business,0,5
FXW,commercial,0,5
GAS,commercial,0,5
GAT,commercial,0,5
GAX,commercial,1,5
GBR,commercial,0,5
GBX,commercial,0,5
GCN,commercial,0,5
GFC,commercial,0,5
GFF,commercial,0,5
GFS,commercial,0,5
GGA,commercial,0,5
GGC,cargo,0,5
GGW,commercial,0,5
GHA,commercial,0,5
GHP,commercial,0,5
GJB,commercial,0,5
GLA,commercial,0,5
GMC,commercial,0,5
GMH,commercial,0,5
GMN,commercial,3,5
GND,commercial,0,5
GPA,commercial,0,5
GRC,commercial,0,5
GRM,commercial,0,5
GRN,commercial,0,5
GSA,commercial,0,5
GSK,commercial,0,5
GST,commercial,0,5
GSY,commercial,0,5
GTF,commercial,0,5
GTH,commercial,0,5
GUARD,military,0,5
GUL,commercial,0,5
GUN,commercial,0,5
GWA,commercial,0,5
GWY,commercial,0,5
GZR,commercial,0,5
HAE,commercial,0,5
HAG,commercial,0,5
HAR,commercial,0,5
HBA,commercial,0,5
HCA,commercial,0,5
HKA,commercial,0,5
HKB,commercial,0,5
HKI,commercial,0,5
HKN,commercial,0,5
HKR,commercial,0,5
HMD,commercial,0,5
HOL,commercial,0,5
HPE,commercial,0,5
HPP,commercial,0,5
HRD,commercial,0,5
HRS,commercial,0,5
HUB,commercial,0,5
HUR,commercial,0,5
HUS,commercial,0,5
HWK,rotorcraft,0,5
IAR,commercial,0,5
IBG,commercial,0,5
ICR,commercial,0,5
IFX,commercial,0,5
IGS,commercial,0,5
IGY,commercial,0,5
IJR,commercial,0,5
ILF,commercial,5,5
IMA,commercial,0,5
IMG,commercial,0,5
IPT,commercial,0,5
ISA,commercial,0,5
ISH,commercial,0,5
ISU,commercial,0,5
ITA,commercial,0,5
ITM,commercial,0,5
ITS,commercial,0,5
JAX,commercial,0,5
JDC,commercial,0,5
JDS,commercial,0,5
JHJ,commercial,0,5
JHN,commercial,0,5
JLC,commercial,0,5
JLF,commercial,3,5
JLJ,commercial,0,5
JNH,commercial,0,5
JNX,commercial,0,5
JPA,commercial,0,5
JPB,business,0,5
JPT,commercial,0,5
JTN,commercial,1,5
JXA,commercial,0,5
JYA,commercial,0,5
KAD,commercial,0,5
KAN,commercial,0,5
KDS,commercial,0,5
KEY,commercial,0,5
KHA,commercial,0,5
KLR,commercial,0,5
KMK,commercial,0,5
KNW,commercial,0,5
KNZ,commercial,0,5
KOK,commercial,0,5
KTY,commercial,0,5
LAB,commercial,0,5
LAD,commercial,0,5
LAR,commercial,0,5
LCA,commercial,0,5
LCC,commercial,0,5
LCH,commercial,0,5
LEG,commercial,0,5
LEN,commercial,0,5
LGF,commercial,0,5
LHN,commercial,0,5
LIF,commercial,0,5
LIFEGUARD,medevac,0,5
LLN,commercial,0,5
LND,commercial,0,5
LNG,commercial,0,5
LOC,commercial,0,5
LOF,commercial,0,5
LOX,commercial,0,5
LPL,commercial,0,5
LRD,commercial,0,5
LTD,commercial,0,5
LVA,commercial,0,5
LVT,commercial,0,5
LXF,commercial,0,5
MAN,commercial,0,5
MARINE,military,0,5
MAT,commercial,0,5
MDB,commercial,0,5
MEC,commercial,0,5
MEDEVAC,medevac,0,5
MEI,commercial,0,5
MEJ,commercial,0,5
MEK,commercial,0,5
MER,commercial,0,5
MES,commercial,0,5
MFD,commercial,0,5
MFR,cargo,0,5
MGD,commercial,0,5
MHA,commercial,0,5
MHO,commercial,0,5
MID,commercial,0,5
MIT,commercial,0,5
MJI,commercial,0,5
MKL,commercial,0,5
MKU,commercial,0,5
MLA,commercial,0,5
MLS,commercial,0,5
MMH,rotorcraft,0,5
MMU,commercial,0,5
MNH,commercial,0,5
MNU,commercial,0,5
MNY,commercial,0,5
MOW,commercial,0,5
MPA,commercial,0,5
MRC,commercial,0,5
MRD,cargo,0,5
MRK,commercial,0,5
MRO,commercial,0,5
MRR,commercial,0,5
MRX,commercial,0,5
MSH,commercial,0,5
MTA,commercial,0,5
MTD,commercial,0,5
MTR,commercial,0,5
MUI,commercial,0,5
MVA,commercial,0,5
MVR,commercial,0,5
MWH,commercial,0,5
MWL,commercial,0,5
MXF,commercial,0,5
MXP,commercial,0,5
MXS,commercial,0,5
MZN,commercial,0,5
NAO,commercial,0,5
NAT,commercial,0,5
NAVY,military,0,5
NCC,commercial,0,5
NDG,commercial,0,5
NEA,commercial,0,5
NFL,cargo,0,5
NHK,commercial,0,5
NJC,business,0,5
NJT,commercial,0,5
NLA,commercial,0,5
NLE,commercial,0,5
NMI,commercial,0,5
NOA,commercial,0,5
NSI,commercial,0,5
NSM,commercial,0,5
NSP,commercial,2,5
NTC,commercial,0,5
NTK,commercial,0,5
NTS,commercial,0,5
NVT,medevac,0,5
NWD,commercial,0,5
NXC,commercial,0,5
NXT,commercial,5,5
OBT,commercial,0,5
OFT,commercial,0,5
OKL,commercial,0,5
OPN,commercial,0,5
ORA,commercial,0,5
ORN,commercial,0,5
OSD,commercial,0,5
OSY,commercial,0,5
OUL,commercial,0,5
OWL,commercial,0,5
OZK,commercial,0,5
OZN,commercial,0,5
PAA,commercial,0,5
PAD,commercial,0,5
PAF,commercial,0,5
PAH,commercial,0,5
PAI,commercial,0,5
PAK,commercial,0,5
PAX,commercial,0,5
PBF,commercial,0,5
PCE,commercial,0,5
PCJ,commercial,0,5
PCL,commercial,0,5
PCN,commercial,0,5
PCR,commercial,0,5
PDD,commercial,0,5
PDI,commercial,0,5
PDQ,commercial,0,5
PFR,commercial,0,5
PFS,commercial,0,5
PGJ,commercial,0,5
PGR,commercial,0,5
PGX,commercial,0,5
PHD,commercial,0,5
PHL,commercial,0,5
PIN,commercial,0,5
PIO,commercial,0,5
PJA,business,0,5
PJE,business,0,5
PJF,commercial,0,5
PJI,commercial,0,5
PKP,commercial,0,5
PLA,commercial,0,5
PLT,commercial,0,5
PMC,commercial,0,5
PMM,commercial,0,5
PMS,commercial,0,5
PNJ,commercial,0,5
POC,commercial,0,5
PPA,commercial,0,5
PPG,commercial,0,5
PPK,commercial,0,5
PPS,commercial,0,5
PQA,commercial,0,5
PRB,commercial,0,5
PRH,commercial,0,5
PRM,commercial,0,5
PRU,commercial,0,5
PRV,commercial,0,5
PSA,commercial,0,5
PSK,commercial,4,5
PSX,commercial,0,5
PSZ,commercial,0,5
PTJ,commercial,0,5
PTL,commercial,0,5
PTQ,commercial,0,5
PTY,commercial,0,5
PWR,commercial,0,5
PXJ,commercial,0,5
PXX,commercial,0,5
PYZ,commercial,0,5
QHD,commercial,0,5
QID,military,0,5
RAA,commercial,0,5
RAL,commercial,0,5
RAS,commercial,0,5
RBN,commercial,0,5
RBY,commercial,0,5
RDK,medevac,2,5
RDS,commercial,0,5
REL,commercial,0,5
REO,commercial,0,5
REX,cargo,0,5
RFX,commercial,0,5
RGL,commercial,5,5
RGS,commercial,0,5
RHE,commercial,0,5
RIA,commercial,0,5
RIC,commercial,0,5
RIM,commercial,0,5
RIX,commercial,0,5
RJR,commercial,0,5
RKJ,commercial,0,5
RLM,commercial,0,5
RLR,cargo,0,5
RMA,commercial,0,5
RMS,commercial,0,5
RMT,commercial,0,5
RNR,cargo,0,5
ROM,commercial,0,5
ROV,commercial,0,5
ROX,commercial,0,5
RPM,commercial,0,5
RPN,commercial,0,5
RPS,commercial,0,5
RSI,commercial,0,5
RSK,commercial,0,5
RST,commercial,0,5
RTD,commercial,0,5
RTN,commercial,0,5
RVA,commercial,0,5
RVC,commercial,0,5
RVN,commercial,0,5
RVQ,commercial,0,5
RVV,commercial,0,5
RWE,commercial,0,5
RWG,commercial,0,5
RYN,commercial,0,5
RZN,commercial,0,5
RZR,commercial,0,5
SBE,commercial,0,5
SBF,commercial,0,5
SBQ,commercial,0,5
SBR,commercial,0,5
SBS,commercial,2,5
SCC,commercial,0,5
SCE,commercial,0,5
SCJ,commercial,0,5
SCW,commercial,1,5
SDB,commercial,0,5
SDC,commercial,0,5
SDD,commercial,0,5
SDY,commercial,0,5
SEA,commercial,0,5
SEC,commercial,0,5
SED,commercial,0,5
SEL,commercial,0,5
SEM,commercial,0,5
SFF,commercial,0,5
SFH,business,0,5
SFT,commercial,0,5
SFX,commercial,4,5
SGB,commercial,0,5
SGX,business,0,5
SHC,commercial,0,5
SHELL,military,0,5
SHV,commercial,0,5
SHZ,commercial,0,5
SIE,commercial,0,5
SIH,commercial,0,5
SIQ,commercial,0,5
SIR,commercial,0,5
SIX,commercial,0,5
SJG,commercial,0,5
SKB,commercial,0,5
SKD,commercial,0,5
SKE,commercial,0,5
SKF,commercial,0,5
SKM,commercial,5,5
SKN,commercial,0,5
SLO,commercial,0,5
SMH,commercial,0,5
SMM,commercial,0,5
SMU,commercial,0,5
SNK,commercial,0,5
SNL,commercial,0,5
SNP,commercial,0,5
SNQ,commercial,0,5
SNT,commercial,0,5
SNW,commercial,0,5
SOH,commercial,0,5
SOK,commercial,0,5
SOO,commercial,0,5
SOT,commercial,0,5
SPC,commercial,0,5
SPE,commercial,0,5
SPI,commercial,0,5
SPK,commercial,0,5
SPP,commercial,0,5
SPU,commercial,0,5
SQD,commercial,0,5
SQH,commercial,0,5
SQU,commercial,0,5
SRX,commercial,0,5
SSC,commercial,0,5
SSH,commercial,0,5
SSK,commercial,0,5
SSX,commercial,0,5
STG,commercial,0,5
SUU,commercial,0,5
SWB,commercial,0,5
SWI,commercial,0,5
SWS,commercial,0,5
SXA,commercial,0,5
SXF,commercial,0,5
SXZ,commercial,0,5
SYC,commercial,0,5
SYF,commercial,0,5
SYK,commercial,0,5
SYV,commercial,0,5
SYX,commercial,0,5
TBI,commercial,0,5
TBO,commercial,0,5
TCE,commercial,0,5
TCF,commercial,0,5
TCL,commercial,0,5
TCM,commercial,0,5
TCN,commercial,0,5
TCY,commercial,0,5
TDA,commercial,0,5
TDB,commercial,0,5
TDE,commercial,0,5
TDG,cargo,0,5
TEC,commercial,0,5
TEL,commercial,0,5
TEN,commercial,0,5
TER,commercial,0,5
TFA,commercial,0,5
TIA,commercial,0,5
TIP,commercial,0,5
TJA,commercial,0,5
TKH,cargo,0,5
TLC,commercial,0,5
TLS,commercial,0,5
TLX,commercial,0,5
TMK,commercial,0,5
TMM,commercial,0,5
TMP,commercial,0,5
TMS,rotorcraft,0,5
TNI,commercial,0,5
TNK,commercial,1,5
TNR,commercial,0,5
TNY,commercial,0,5
TOG,cargo,0,5
TPJ,commercial,0,5
TQN,commercial,0,5
TRC,commercial,0,5
TRO,commercial,0,5
TRS,commercial,0,5
TRW,commercial,0,5
TRY,commercial,0,5
TRZ,commercial,0,5
TSS,commercial,0,5
TTX,commercial,0,5
TUD,commercial,0,5
TVA,commercial,0,5
TVD,commercial,0,5
TXA,commercial,0,5
TXG,commercial,0,5
TXN,commercial,0,5
TXT,commercial,0,5
TXX,commercial,0,5
UCH,commercial,0,5
UCS,commercial,0,5
UDG,commercial,0,5
UEJ,business,0,5
UFS,commercial,0,5
UGL,commercial,0,5
ULT,commercial,0,5
UNF,commercial,0,5
URF,commercial,0,5
USH,rotorcraft,0,5
USJ,commercial,0,5
USR,military,0,5
UVA,commercial,0,5
UWA,commercial,0,5
VCM,commercial,0,5
VCT,commercial,0,5
VES,commercial,0,5
VFS,commercial,0,5
VGX,commercial,0,5
VHC,rotorcraft,0,5
VHT,commercial,0,5
VJA,commercial,0,5
VKY,commercial,0,5
VLX,business,0,5
VLY,commercial,0,5
VMA,commercial,0,5
VNR,commercial,0,5
VNT,commercial,0,5
VNX,commercial,0,5
VPP,commercial,0,5
VRD,commercial,0,5
VSS,commercial,0,5
VUS,commercial,0,5
VWA,commercial,0,5
WAB,commercial,0,5
WAF,commercial,0,5
WAI,commercial,0,5
WAV,commercial,0,5
WAW,commercial,0,5
WBC,commercial,0,5
WCO,rotorcraft,0,5
WCY,commercial,0,5
WDE,commercial,4,5
WDR,commercial,0,5
WDS,commercial,0,5
WEJ,commercial,0,5
WES,commercial,0,5
WHR,commercial,0,5
WIL,commercial,0,5
WJM,business,0,5
WLS,commercial,0,5
WLT,commercial,0,5
WLV,commercial,0,5
WNA,commercial,0,5
WND,commercial,0,5
WNE,commercial,0,5
WOA,commercial,0,5
WRF,commercial,0,5
WRR,commercial,0,5
WRT,commercial,0,5
WSI,commercial,0,5
WSM,commercial,0,5
WTV,commercial,0,5
WUP,commercial,0,5
WVA,commercial,0,5
WVE,commercial,0,5
WVU,commercial,3,5
WWF,commercial,0,5
WXX,commercial,0,5
WYF,commercial,0,5
WYG,commercial,0,5
WYM,commercial,0,5
WZM,commercial,3,5
XAM,commercial,0,5
XAP,commercial,0,5
XER,commercial,0,5
XMI,business,0,5
XSK,commercial,0,5
XYZ,commercial,0,5
YOG,commercial,0,5
ABW,cargo,0,5
